stroke_width,target_class
65.41635808,1
29.30211351,1
42.66928722,1
61.00261253,1
47.03284304,1
91.80998002,1
98.762341,1
44.9502841,1
85.10961169,1
41.39254938,1
47.1009554,1
37.80619884,1
94.42986816,1
39.26459795,1
29.02629759,1
36.29380793,1
68.24221567,1
57.37442696,1
42.04834829,1
31.76325571,1
56.54916872,1
36.96371814,1
38.89730068,1
49.56855043,1
62.23063149,1
60.53924347,1
53.33298494,1
45.25063691,1
37.77606452,1
22.58046503,1
35.23403436,1
77.87810989,1
55.88604477,1
27.72127768,1
21.30003773,1
19.35160269,1
10.86740623,1
36.05325263,1
35.51193122,1
30.34970639,1
45.68208851,1
22.32381535,1
50.30434573,1
55.21124619,1
37.83651461,1
43.46195622,1
15.8113883,1
55.48918937,1
97.45109974,1
72.78346698,1
63.52872713,1
81.85000191,1
49.11355872,1
33.34531831,1
42.99172953,1
15.57307894,1
65.59261796,1
32.46921619,1
50.6359556,1
11.54177746,1
63.86687359,1
78.65539374,1
15.31604108,1
17.30530988,1
44.98555342,1
14.45238298,1
35.67133391,1
14.98033012,1
17.02901424,1
19.92602794,1
19.94184625,1
16.88479625,1
17.36042487,1
67.16638202,1
15.96070253,1
32.2684056,1
16.93099077,1
19.62988326,1
25.08897233,1
21.93725515,1
15.93524387,1
33.17386636,1
22.45476005,1
22.44686291,1
26.53251324,1
84.1569279,1
23.59501809,1
37.17465476,1
46.24230817,1
11.64124952,1
25.78948272,1
37.19576149,1
46.10394078,1
29.31624606,1
42.93953954,1
25.03706928,1
40.03759448,1
18.0219096,1
47.61991848,1
35.22782991,1
16.1245155,1
42.93593032,1
23.19812654,1
25.37271307,1
24.03044323,1
22.03824329,1
66.05699227,1
21.40275124,1
22.48237618,1
26.16856633,1
18.78995702,1
53.1139013,1
13.84047479,1
56.99540595,1
35.30781527,1
26.57848163,1
53.42008836,1
63.57056368,1
78.6656545,1
35.53054016,1
46.58709894,1
51.62709027,1
57.53474723,1
69.25114471,1
52.55725971,1
34.7749264,1
64.55784626,1
51.17883515,1
75.17642773,1
42.69716576,1
59.9082632,1
35.44480401,1
49.03123222,1
79.63537135,1
61.77464431,1
38.25660451,1
40.30301299,1
40.31939422,1
45.7851527,1
62.13804553,1
45.47887267,1
82.02409289,1
19.10594231,1
39.05844838,1
81.88270813,1
42.43472254,1
24.86873037,1
87.02272434,1
37.21558813,1
47.18320271,1
40.15825039,1
24.33105012,1
56.53025631,1
49.57822102,1
30.11080235,1
96.02603814,1
69.56755657,1
71.31278121,1
69.58801795,1
54.22241143,1
65.63579928,1
46.12361225,1
25.21570139,1
66.60864508,1
41.2276405,1
41.88769113,1
31.96242506,1
28.93313081,1
29.30251865,1
89.69392399,1
54.75318435,1
30.87409716,1
48.58973358,1
41.235664,1
33.02584298,1
72.1681105,1
40.66276354,1
47.47319624,1
86.56019679,1
81.60109684,1
82.78000184,1
35.89971756,1
16.40119415,1
42.45452721,1
24.56883388,1
52.08646657,1
44.40750951,1
22.15677646,1
33.86238438,1
22.68303169,1
49.13525606,1
24.9465796,1
32.40367698,1
38.64911064,1
20.57431864,1
31.87431968,1
33.21252329,1
25.93897327,1
58.23354293,1
35.0812551,1
36.71603102,1
53.88102781,1
30.41381265,1
37.05718518,1
40.08612001,1
25.04490401,1
34.69234102,1
30.6298249,1
27.67769648,1
38.93023944,1
31.59557101,1
37.8418709,1
44.53518977,1
25.78873299,1
8.514693183,1
22.41322052,1
57.1006868,1
40.12399052,1
60.58733636,1
19.6435307,1
17.61857937,1
23.0683069,1
24.94766961,1
26.7156017,1
37.89171466,1
27.55719218,1
32.53466047,1
51.29828693,1
40.79538019,1
24.74299013,1
40.36066905,1
33.47708753,1
33.42940676,1
36.14021943,1
36.73089938,1
48.64085132,1
36.91802454,1
40.91021065,1
23.73100647,1
34.5842889,1
26.99205024,1
37.0743344,1
53.46252493,1
28.2946639,1
33.94222019,1
20.59817703,1
35.73230428,1
46.92314486,1
28.69938744,1
42.73610715,1
45.46588304,1
23.77427156,1
28.85425039,1
67.87103393,1
31.58082765,1
59.53193064,1
27.688147,1
40.62558194,1
48.70547578,1
34.56995004,1
56.30275304,1
45.10204522,1
33.96953082,1
29.88794602,1
10.32842712,1
29.04882094,1
13.48803418,1
35.16770444,1
19.71460152,1
32.52335908,1
30.87936071,1
35.63774415,1
30.06659276,1
20.61552813,1
75.34873895,1
24.27095043,1
18.18292475,1
35.18251045,1
30.31412815,1
43.22261522,1
42.50081808,1
93.51079131,1
28.07432506,1
34.96047964,1
40.17458357,1
67.9429683,1
39.2876201,1
21.82254422,1
28.65581435,1
30.06247502,1
32.38900888,1
64.79324999,1
42.94026957,1
20.84059286,1
29.5745361,1
35.88177144,1
46.45292985,1
53.96777395,1
30.0081151,1
58.54424124,1
36.03695137,1
48.57144654,1
35.30633504,1
38.01700131,1
20.47091055,1
13.69599012,1
62.52667739,1
31.3943929,1
20.8062546,1
48.98016264,1
27.13051786,1
26.33678723,1
40.24323432,1
55.00086934,1
41.31670869,1
42.25486831,1
29.45431431,1
37.34161106,1
19.98714723,1
21.39672688,1
43.86561818,1
25.44563889,1
33.14604166,1
18.96460229,1
58.77868618,1
53.30953998,1
34.60353172,1
53.05401075,1
16.12918282,1
15.48757523,1
37.6266657,1
49.50354173,1
43.71266617,1
32.37651649,1
52.26751613,1
21.49076203,1
14.05091265,1
25.41521989,1
19.41648784,1
15.71157388,1
16.98552096,1
21.21922111,1
14.11187421,1
43.61083185,1
36.08314868,1
16.37334915,1
22.84731441,1
20.70530938,1
25.74382387,1
25.30691814,1
20.61552813,1
18.18319995,1
10.69183811,1
17.86796226,1
25.33869414,1
31.58404846,1
43.42282944,1
19.61552813,1
38.50271062,1
16.07106508,1
47.19751995,1
34.82101266,1
30.59549045,1
16.82411276,1
40.43844026,1
86.28441342,1
18.43908891,1
62.07902231,1
27.22714594,1
33.51494525,1
31.57530681,1
32.93460859,1
18.02775638,1
50.91168825,1
38.33561149,1
30.99517528,1
30.95522306,1
27.86136906,1
38.60051813,1
30.23837702,1
28.01785145,1
26.1331067,1
55.93856338,1
34.79043288,1
11.41366413,1
7.804563244,1
22.67037847,1
38.35287706,1
32.10876138,1
19.38175424,1
32.03091176,1
16.03127029,1
33.56291241,1
98.65252056,1
53.00943312,1
55.14084142,1
42.60772832,1
34.67668028,1
49.14712251,1
25.3179778,1
14.05324356,1
61.91803246,1
91.32140099,1
73.00684899,1
47.04637385,1
38.2233031,1
61.40032573,1
38.14899824,1
15.79108303,1
20.51104729,1
34.56170905,1
24.19485974,1
38.47638803,1
98.23441352,1
33.54682931,1
39.85599077,1
30.74457035,1
55.60554457,1
64.37430375,1
58.24946352,1
38.21136286,1
27.29705854,1
38.05259518,1
62.06791736,1
18.26824554,1
77.41755298,1
15.04447037,1
26.03662275,1
35.9241616,1
35.43409843,1
18.89412188,1
47.6053749,1
51.56192207,1
23.08679276,1
20.15564437,1
63.19501538,1
67.65555016,1
7.401201104,1
33.91799097,1
37.219988,1
20.93299662,1
31.85024988,1
32.984845,1
56.26207328,1
91.59148432,1
12.39758569,1
26.70453136,1
18.38477631,1
17.89688936,1
11.44006435,1
35.63253071,1
18.64836651,1
29.14058539,1
54.12947441,1
27.82663068,1
32.30365239,1
24.90195185,1
32.724863,1
60.24104229,1
28.09201025,1
20.05618878,1
20.32692769,1
17.72004515,1
16.18558325,1
26.23928353,1
34.4818793,1
41.53790623,1
10.54400375,1
13.12453521,1
64.07807737,1
33.16835685,1
18.32654878,1
54.95534241,1
16.55294536,1
32.32696836,1
50.66492677,1
45.88027899,1
48.46648326,1
29.60649341,1
23.10934398,1
19.84602616,1
31.30495168,1
35.884044,1
43.26442806,1
75.7131619,1
45.31220452,1
33.73466844,1
92.91393867,1
39.05124838,1
88.36950778,1
60.46725919,1
43.52977753,1
29.21909246,1
40.87932758,1
43.18927949,1
86.59422699,1
33.35562693,1
102.3181313,1
60.70897326,1
42.36643221,1
18.53019615,1
54.42956333,1
86.59793469,1
49.83374111,1
43.38814455,1
61.23094385,1
20.5726365,1
48.68029117,1
48.73195123,1
73.56260006,1
61.2355099,1
48.1099349,1
61.7192443,1
24.75883681,1
49.82264392,1
102.6255329,1
65.90905957,1
28.59043892,1
28.86173938,1
19.10497317,1
46.87216658,1
26.13366083,1
12.71013346,1
55.61938907,1
53.78942601,1
32.06873038,1
38.89265032,1
21.70834898,1
23.17898279,1
52.81009705,1
55.06637854,1
31.50712383,1
64.83412879,1
47.51841748,1
33.59518139,1
43.72612165,1
40.39152634,1
10.47817594,1
32.83009434,1
33.10106832,1
24.69817807,1
15.8113883,1
59.11348532,1
49.44410689,1
24.60081838,1
80.14445828,1
42.00793305,1
11.72516416,1
42.32542442,1
71.15337389,1
49.36598019,1
50.1951405,1
37.30785997,1
36.66438814,1
38.72079366,1
45.0418428,1
59.24435565,1
28.5552786,1
42.26634825,1
47.07656371,1
41.83804359,1
67.3364202,1
59.53990259,1
28.3323396,1
22.93043584,1
46.77652442,1
23.19482701,1
49.81967483,1
37.87451597,1
33.65567389,1
48.10297663,1
43.60080934,1
86.09190548,1
20.04505986,1
42.90642232,1
39.42507177,1
29.47049296,1
36.20123229,1
29.9346773,1
35.13741469,1
25.3179778,1
57.14792216,1
53.87861278,1
69.8140387,1
38.83086824,1
43.3818563,1
25.63177901,1
37.40625301,1
34.12833614,1
28.8952008,1
37.17104659,1
61.00806399,1
33.23577924,1
40.44917738,1
37.13316913,1
63.41885577,1
34.77096376,1
26.58622845,1
30.14962686,1
36.11259608,1
56.20663245,1
33.92313654,1
51.66026098,1
45.92845963,1
67.41661516,1
60.89379849,1
35.06239187,1
29.16753565,1
82.21921916,1
48.65989692,1
26.42718704,1
60.3251649,1
73.98388263,1
49.74419747,1
68.24954212,1
9.281194427,1
65.0191732,1
42.31252613,1
45.08456289,1
18.10183972,1
49.24937811,1
35.19321917,1
28.5415597,1
30.70144824,1
13.38979814,1
19.44249084,1
36.67424164,1
18.97739392,1
47.86571089,1
37.60125053,1
60.45082631,1
72.96284446,1
33.44344805,1
26.07603643,1
78.22800085,1
16.4924225,1
43.76190811,1
14.43979036,1
38.74436629,1
17.53750703,1
85.21150157,1
53.31135921,1
52.22428386,1
21.59868748,1
57.14517888,1
24.39047013,1
25.17935662,1
31.01562119,1
75.23961722,1
72.34638899,1
16.14731385,1
29.7182772,1
32.68704148,1
46.48202766,1
27.27343913,1
21.37755833,1
26.96294195,1
14.41049258,1
28.27456234,1
28.36393405,1
34.78070368,1
18.8529941,1
14.05723338,1
43.90709506,1
28.9892503,1
30.95584401,1
29.31935569,1
30.08636411,1
34.82437343,1
24.06240986,1
35.12459177,1
14.25865981,1
36.51682967,1
27.69316149,1
22.92006392,1
31.86802804,1
22.20360331,1
19.45027007,1
7.690204143,1
11.34613494,1
8.608340868,1
12.33217151,1
14.78159003,1
4.923318319,1
8.343638724,1
6.70434066,1
10.29805177,1
24.04278639,1
14.77183026,1
15.86642878,1
28.4647163,1
13.77708069,1
11.71126832,1
5.156715696,1
9.182187701,1
16.56888049,1
12.51504292,1
13.65161813,1
14.03481548,1
6.793937387,1
9.940511854,1
10.50775744,1
10.782852,1
10.66517744,1
11.64877887,1
9.663804864,1
8.081647901,1
8.151847545,1
5.969325567,1
7.285383286,1
10.05476451,1
9.366667471,1
7.471210288,1
6.917218135,1
10.19675395,1
8.466204341,1
8.434515529,1
12.7321246,1
13.13697049,1
13.99265597,1
7.363061321,1
7.82793492,1
12.28019533,1
13.08802049,1
17.74729213,1
12.6103173,1
12.54941209,1
17.21110255,1
18.43908891,1
8.191649607,1
11.93822381,1
12.79026389,1
10.62389092,1
12.11803629,1
21.63330765,1
10.28812448,1
9.980421622,1
9.310224171,1
25.49509757,1
12.2371883,1
17.62624328,1
12.7880831,1
9.946506175,1
14.26751838,1
13.5,1
12.53438178,1
10.66639196,1
11.68825977,1
10.06300421,1
9.932959458,1
18.43908891,1
5.053808051,1
10.67661909,1
10.67661909,1
7.284489903,1
9.404681229,1
11.00721156,1
10.70877513,1
5.99641293,1
12.38181002,1
7.816423804,1
31.25803849,1
42.04759208,1
8.046008713,1
48.04079934,1
7.156464441,1
13.73391602,1
33.0643842,1
8.460632166,1
11.23245396,1
7.161155192,1
15.0836595,1
9.648454584,1
23.76972865,1
14.52525053,1
10.00733461,1
9.116419181,1
8.265816307,1
11.12825877,1
11.99585463,1
11.33556814,1
9.910463699,1
11.12757073,1
12.96828639,1
16.95818074,1
20.52090317,1
15.55214109,1
9.490530638,1
9.424969049,1
9.884597248,1
10.98043027,1
13.97759822,1
0,1
10.51558756,1
20.69861937,1
10.60334513,1
13.5638,1
12.35857303,1
23.69465117,1
11.83701079,1
13.31890515,1
13.2209713,1
7.050698808,1
6.428339469,1
8.532561188,1
10.71772022,1
7.575861378,1
8.892184051,1
10.07150418,1
17.88854382,1
15.30770649,1
16.78566717,1
12.7648209,1
16.38269747,1
8.235876267,1
15.06460468,1
11.27227325,1
6.485772521,1
9.947109409,1
4.791188128,1
5.933039154,1
8.339019158,1
6.974983448,1
15.57896767,1
8.713772367,1
8.640069286,1
7.001035623,1
8.665566839,1
11.22674407,1
6.770563306,1
5.312488125,1
7.285921807,1
5.597474679,1
10.97373326,1
11.45150113,1
6.789310577,1
11.54753322,1
6.521881686,1
6.031231015,1
10.90720534,1
8.207945024,1
15.55422342,1
15.5031158,1
6.235103095,1
8.041259005,1
6.671662123,1
5.247616204,1
5.504576845,1
9.065523149,1
10.54764471,1
8.390234013,1
10.69333313,1
7.65439334,1
19.75052561,1
11.36385492,1
4.944571524,1
10.88799823,1
5.941957234,1
6.489178544,1
11.8573668,1
11.46384656,1
7.662521111,1
7.883285332,1
15.59035141,1
8.013870191,1
6.384801551,1
13.88548128,1
4.925185234,1
5.051426062,1
7.941815567,1
8.531220991,1
5.703015124,1
8.89373549,1
5.648200871,1
9.647003645,1
17.20465053,1
11.96242942,1
11.94223301,1
9.632664377,1
7.70510585,1
9.599164284,1
12.0737189,1
12.21779856,1
10.75733952,1
8.514693183,1
8.808482972,1
23.47497814,1
57.90070107,1
17.18307494,1
22.4568747,1
53.07420853,1
25.58827454,1
32.44996148,1
31.01562119,1
6.559343618,1
15.69415793,1
34.43328617,1
58.6003413,1
55.13336883,1
39.11924763,1
32.55764119,1
16.62542253,1
44.26182145,1
37.69458756,1
18.44558745,1
62.24146528,1
69.35940289,1
36.75810338,1
25.84072838,1
23.99634551,1
16.50309883,1
38.47287349,1
17.47213595,1
18.84943324,1
18.37043962,1
10.42729913,1
39.94649983,1
39.90337714,1
9.250185589,1
24.33105012,1
10.26818899,1
19.00939796,1
21.67414968,1
36.16785607,1
22.11744937,1
17.46072138,1
18.19703898,1
14.30985531,1
16.25935977,1
15.44747071,1
11.71544031,1
14.37878858,1
22.43479696,1
19.82716245,1
7.742640687,1
15.86010538,1
27.4647431,1
22.09127482,1
13.26742456,1
10.6132113,1
15.44666678,1
10.93471661,1
10.21578731,1
13.06149551,1
41.53844886,1
21.60251663,1
18.72004515,1
11.37873029,1
16.37730628,1
26.88787229,1
9.795740869,1
21.26029163,1
28.00508236,1
22.00923667,1
59,1
10.5223201,1
11.81665022,1
18.72668416,1
19.6977156,1
22.09072203,1
12.63158171,1
11.70646059,1
15.28533026,1
46.41435791,1
51.04953997,1
10.79444642,1
24.68284028,1
13.76313487,1
23.76972865,1
13.93962653,1
50.28916384,1
27.22268237,1
20.86964762,1
36.22099299,1
66.24198065,1
30.89638759,1
19.80865205,1
18.03483603,1
26.74828759,1
15.19167985,1
19.34016062,1
26,1
20.61552813,1
11.54382845,1
13.02999201,1
20.61552813,1
21.02379604,1
21.47443584,1
15.22116828,1
20.72447361,1
10.14175102,1
9.775833016,1
15.65301651,1
30.27435619,1
14.93938047,1
19.70683279,1
49.17229673,1
52.09273218,1
11.99839859,1
25.22812319,1
11.60489489,1
43.41658669,1
44.94441011,1
30.03207621,1
41.63801121,1
44.09403417,1
31.34232189,1
17.8458784,1
15.30244377,1
87.07994782,1
14.56923142,1
18.03222457,1
16.64331698,1
11.09750185,1
13.25067333,1
63.02595451,1
13.8090538,1
31.81271297,1
16.77746646,1
21.29940647,1
17.53619053,1
44.42752239,1
52.34340378,1
38.53160709,1
25.56953776,1
19.51705411,1
40.36144445,1
19.39409053,1
10.08606096,1
37.68006325,1
28.83911526,1
16.88095896,1
31.34645193,1
20.63393124,1
49.78862102,1
24.93725456,1
19.1979807,1
22.48008323,1
20.10586795,1
22.30276459,1
27.21728637,1
68.46336496,1
58.10668401,1
50.24697739,1
27.17177555,1
46.70744177,1
13.33151153,1
33.35146346,1
38.34967598,1
14.01298846,1
38.45527665,1
41.05469453,1
45.05634553,1
23.0083986,1
11.11271545,1
13.1661975,1
21.53173267,1
49.65058629,1
21.73889561,1
8.842962513,1
17.32981838,1
36.83949496,1
39.83029649,1
74.70325848,1
38.1304101,1
50.89648027,1
38.41426665,1
51.41268003,1
60.4314013,1
8.462712997,1
20.22194682,1
21.26029163,1
24.01952667,1
26.33849341,1
20.92159819,1
50.56044658,1
61.02412351,1
37.61118787,1
,1
67.11929678,1
32.61381275,1
16.18152096,1
33.31636125,1
33.64105712,1
64.84394857,1
19.47145918,1
35.86622117,1
28.97125588,1
54.20037878,1
50.70013089,1
38.90335308,1
28.30097946,1
37.09113769,1
25,1
50.13251212,1
25.07987241,1
15.17209504,1
51.05477978,1
46.30175889,1
53.66578325,1
22,1
21.09179632,1
15.30262746,1
25.94082603,1
28.66276285,1
62.00955364,1
19.08333124,1
28.11529291,1
58.87274412,1
64.66761841,1
77.449524,1
34.77288436,1
31.89043744,1
38.96391961,1
16.46304182,1
27.60563658,1
50.21979857,1
15.8113883,1
12.12740055,1
10.69148169,1
14.00940655,1
38.72014242,1
50.37848382,1
49.97048813,1
28.56026006,1
44.87185169,1
31.8077324,1
24.16132549,1
24.64325191,1
25.19153646,1
79.31075289,1
28.23118843,1
101.1213934,1
36.88540526,1
34.4768688,1
38.07886553,1
51.623638,1
29.40322534,1
19,1
30.04431093,1
34.31670623,1
37.73711647,1
26.2488095,1
34.45992397,1
16.43970303,1
40.68507373,1
63.0391386,1
33.05101434,1
14.93538321,1
27.96503911,1
58.92671848,1
12.05569694,1
17.93674022,1
12.81038196,1
25.26953525,1
71.19691005,1
20.78661623,1
77.55694992,1
32.06243908,1
34.88552709,1
20.59126028,1
47.52092073,1
45.60140037,1
34.70928599,1
43.22531675,1
11.71975366,1
32.64386145,1
45.92218458,1
23.21059924,1
29.84222202,1
24.77713769,1
45.60051889,1
17.60107524,1
13.81185682,1
34.525353,1
41.91990903,1
36.65568234,1
38.06306247,1
41.8349955,1
24.16609195,1
32.75667871,1
29.27460926,1
40.85339643,1
29.68164416,1
33.40921828,1
16.59425857,1
36.02527101,1
38.21052152,1
44.27209642,1
20.25354287,1
31.898615,1
14.47691549,1
24.51530134,1
46.57252409,1
25.59092903,1
35.3673076,1
37.29719293,1
16.51951024,1
10.19141006,1
22.52677642,1
21.15558144,1
14.94190013,1
13.69166761,1
23.71520245,1
44.7196497,1
24.41311123,1
26.68332813,1
16.98260563,1
84.32244356,1
33.13608305,1
27.15906263,1
40.8482364,1
23.67925798,1
87.39026428,1
76.05918748,1
17.35897364,1
79.99883124,1
31.06752889,1
55.66470125,1
48.03177784,1
38.01641395,1
86.3951596,1
23.5988321,1
24.96130422,1
89.02246907,1
36.52959374,1
92.91393867,1
53.90088915,1
28.24451292,1
35.86271397,1
49.46428668,1
16.69180601,1
16.03446788,1
91.34717104,1
47.61402482,1
18.7419902,1
23.39841781,1
57.78246934,1
51.0047539,1
21.37755833,1
21.91928524,1
49.44561453,1
15.92512688,1
18.13666007,1
92.34717104,1
87.22036079,1
48.72312882,1
28.64285416,1
20.24845673,1
27.84853735,1
51.03546508,1
32.62711435,1
16.5477989,1
31.58070857,1
42.92566851,1
69,1
37.6507716,1
63.90618123,1
46.33581992,1
20.78352298,1
38.99996628,1
54.39883891,1
20.88061302,1
53.01757544,1
25.0131488,1
17.61315713,1
34.26584119,1
37.10575149,1
30.24698679,1
31.44508043,1
24.5586981,1
60.16643583,1
56.36488268,1
34.15256846,1
29.2974832,1
14.39461724,1
49.47726751,1
23.25379895,1
24.30809418,1
34.72333817,1
35.73513677,1
34.55980229,1
65.51335742,1
25.70995046,1
42.55198086,1
50.6981141,1
28.15475947,1
34.55554812,1
58.6003413,1
34.85038219,1
51.65804902,1
19.73010268,1
62.94920624,1
18.79898987,1
28.52697414,1
52.14910095,1
24.35655838,1
33.82868093,1
28.49159605,1
28.39282366,1
43.13488226,1
36.69410768,1
33.12412568,1
49.8758876,1
62.28964601,1
48.5418003,1
46.68313004,1
49.04884728,1
71.81718002,1
43.07265409,1
75.71657678,1
48.17022873,1
77.4226481,1
14.56021978,1
31.40063694,1
54.78549215,1
71.00213721,1
38.6746158,1
57.49621766,1
31.344719,1
12.36828175,1
29.74200439,1
47.56597249,1
34.7635448,1
50.14254329,1
33.79269931,1
50.32193686,1
20.83573538,1
82.3893197,1
16.76305461,1
31.06745308,1
18.97013137,1
13.12980148,1
49.97953911,1
8.027692569,1
11.43016913,1
14.96974577,1
33.5606692,1
30.43557449,1
17.81266779,1
12.63527841,1
25.07141657,1
8.919552593,1
17.72004515,1
33.17078548,1
29.60423865,1
34.30341834,1
17.02914039,1
50.56678752,1
41.23124573,1
20.34602616,1
23.09431052,1
14.04126097,1
17.90406673,1
46.02502815,1
36.33104602,1
32.90681825,1
37.65634077,1
20.7975415,1
17.90406673,1
43.05741958,1
74.67261881,1
37.48332963,1
69.89277502,1
16.72674364,1
18.97366596,1
10.42150211,1
34.00909048,1
50.2249939,1
85.98837131,1
25.07987241,1
21.47220505,1
16.8435541,1
23.55760722,1
21.59852222,1
25.16878006,1
54.03702434,1
20.68017569,1
12.83234148,1
15.28802233,1
16.8524242,1
14.38055892,1
18.49637779,1
5.807850782,1
33.44394863,1
9.46882976,1
22.54799544,1
18.43908891,1
19.79459704,1
17.49285568,1
18.43908891,1
25.80266431,1
16.4642492,1
24.4519285,1
33.07760027,1
32.07074357,1
9.424824263,1
11.41635971,1
13.29467617,1
8.993475688,1
43.76692467,1
11.75899065,1
26.26942086,1
17.67804167,1
15.22001776,1
10.64400133,1
5.811462695,1
22.22105654,1
24.78914336,1
33.40015892,1
23.80166197,1
30.89859573,1
21.58555825,1
23.92968996,1
14.93266294,1
24.56471367,1
20.17474149,1
37.6147369,1
35.48552402,1
48.29403021,1
46.81063549,1
50.91023797,1
26.07680962,1
52.58697212,1
9.952045556,1
27.22097146,1
20.61552813,1
18.08242558,1
21.9711704,1
14.30610269,1
56.97803113,1
40.83788661,1
45.68857509,1
48.67122729,1
35.61183314,1
63.19810124,1
18.97366596,1
55.19825754,1
93.37269764,1
24.32067629,1
26.83281573,1
27.67711471,1
11.42365966,1
52.73832786,1
9.601253895,1
19.35496013,1
23.38450442,1
26.17250466,1
20.61552813,1
37.94550732,1
42.06051429,1
26.98362943,1
23.8658408,1
11.12135318,1
24.91034544,1
33.18700824,1
22.02271555,1
22.20360331,1
22.87940184,1
10.79216585,1
32.33654525,1
25.14796353,1
33.23049195,1
23.40939982,1
30.45981931,1
21.63330765,1
35.04783594,1
21.57213218,1
39.00296299,1
40.36977424,1
15.43303437,1
29.23597336,1
10.11587134,1
41.60060066,1
16.01031758,1
38.27531842,1
30.3476126,1
29.65004184,1
23.03840481,1
23.59462235,1
19.62313158,1
32.40251379,1
13.35355448,1
45.71013347,1
48.33218389,1
20.51871845,1
30.2654919,1
66.50273271,1
86.00568163,1
16.35496712,1
36.28361479,1
28.91037333,1
24.02566714,1
47.16990566,1
33.05877273,1
43.08293656,1
17.27991908,1
54.04227997,1
38.2865435,1
7.782804055,1
40.35181159,1
33.9705755,1
43.81075563,1
26.42686044,1
37.46407355,1
30.67563286,1
42.35150288,1
28.04798421,1
12.84933414,1
36.9409379,1
30.90420331,1
34.50692054,1
15.95741167,1
35.43782356,1
81.71033793,1
48.10405388,1
9.312709945,1
51.4003891,1
59.40700279,1
31.47266935,1
34.73832541,1
41.84770563,1
12.48642405,1
47.19435018,1
20.92323749,1
34.18893662,1
14.46248824,1
46.93101905,1
17.73006453,1
19.62498633,1
29.76684185,1
31.48528775,1
35.23628506,1
20.70648801,1
26.28971451,1
24.80305287,1
24.20535146,1
29.3197779,1
28.86642716,1
37.21237159,1
35.34119409,1
27.54093497,1
18.50239943,1
28.96305574,1
19.45583847,1
38.969296,1
29.13494602,1
25.63200372,1
41.17925921,1
24.56742538,1
51.2445119,1
26.33363833,1
21.02114645,1
39.57487906,1
27.33916711,1
30.28201453,1
41.44329284,1
16.66469298,1
37.15593741,1
20.39877574,1
20.88733473,1
30.34417291,1
40.00195644,1
21.67399224,1
28.80290851,1
41.28706748,1
36.60872803,1
47.46504875,1
38.86080188,1
26.41199679,1
40.61767093,1
76.40026178,1
47.46440828,1
51.68677324,1
25.48370691,1
48.99110469,1
44.69463864,1
23.28481785,1
25.07518834,1
28.8473012,1
24.92735932,1
64.93843238,1
23.24789034,1
49.74753372,1
20.15055204,1
63.89053138,1
26.28867457,1
10.36633984,1
48.75641254,1
35.95087291,1
17.59963391,1
19.29195937,1
14.44974747,1
19.5710038,1
27.23208831,1
40.3652648,1
28.37514478,1
25.99492988,1
25.96150997,1
45.74362134,1
38.76114978,1
21.9545772,1
30.51903924,1
45,1
13.40055501,1
41.36967495,1
34.03098262,1
26.16299356,1
34.51456612,1
36.00967033,1
40.6239015,1
35.23534186,1
19.83880045,1
43.12355274,1
36.21955801,1
56.29387178,1
25.53626488,1
37.7843708,1
48.01041554,1
55.49723119,1
48.03268253,1
49.03525574,1
57.16221786,1
46.32498483,1
24.72663652,1
45.97012034,1
17.73298833,1
22.150862,1
31.5186011,1
19.22231096,1
35,1
34.90333874,1
40.32500272,1
21.28184937,1
19.14723242,1
46.23418229,1
25.40075756,1
41.23096173,1
21.45100589,1
29.94519182,1
24.97593162,1
22.71545893,1
23.18101925,1
28.28427125,1
51.64520387,1
55.01874651,1
35.86265154,1
40.70837202,1
13.08540953,1
27.5752626,1
21.12179725,1
17.89436581,1
18.33681095,1
18.51649391,1
32.34241035,1
23.95727223,1
43.793974,1
16.50956744,1
20.31527936,1
18.94626527,1
18.58657865,1
18.1319971,1
22.86356162,1
24.87900241,1
20.2324677,1
13.31303642,1
11.8897306,1
12.24924504,1
26.01271801,1
17.72004515,1
19.66790314,1
36.56089094,1
10.49805097,1
30.50803447,1
47.01063709,1
24.5991238,1
22.65584488,1
17.48587695,1
8.98335146,1
15.53961175,1
22.82416043,1
32.42586914,1
26.88195047,1
22.63683157,1
21.06053808,1
32.11556324,1
18.05335382,1
11.34432808,1
19.00965194,1
19.62513977,1
44.20151979,1
27.17231864,1
13.98811982,1
16.00340294,1
13.69168041,1
24.08318916,1
29.77001502,1
28.73567088,1
26.47643257,1
31.65697872,1
25.56126174,1
10.44160523,1
40.48011175,1
30.48393514,1
37.1105227,1
17.21597829,1
15.50409441,1
17.58691857,1
35,1
32.27004959,1
32.20248438,1
22.10037369,1
12.72261695,1
27.23599264,1
16.62267974,1
29.23153499,1
21.9386745,1
44.25138099,1
22.17170359,1
10.35979162,1
19.58749078,1
24.00229493,1
19.02278637,1
23.73013424,1
17.34315741,1
16.83564535,1
37.33630941,1
34.12747638,1
15.06718146,1
18.70170116,1
21.99964768,1
30.06659276,1
24.51432622,1
20.76937165,1
25.89833495,1
33.50806242,1
15.68310157,1
17.39518003,1
14.9805931,1
31.69953946,1
12.43259912,1
28.66163684,1
26.70371903,1
26.28210164,1
37.92828676,1
32.14758733,1
22.98937739,1
16.02627683,1
18.20027472,1
20.84617142,1
26.62597635,1
45.71877357,1
30.26513806,1
25.54138127,1
19.58419287,1
12.17289841,1
15.08618017,1
35.22782991,1
21.96463593,1
43.16669579,1
26.58253628,1
23.01503377,1
25.9616248,1
20.35256537,1
46.60105232,1
22.6437179,1
12.63163774,1
21.84032967,1
11.86378544,1
21.93289114,1
30.95367703,1
21.02588672,1
13.18713678,1
18.96646618,1
43.97339134,1
38.01315562,1
24.55407996,1
23.61392009,1
20.40921762,1
43.41658669,1
33.42541046,1
33.37293598,1
24.56587766,1
13.81656428,1
25.9326894,1
32.08429081,1
42.01207407,1
13.53235132,1
22.2854652,1
20.55782301,1
31.92732803,1
40.01249805,1
21.650862,1
34.50048869,1
48.54894438,1
38.47076812,1
39.01281841,1
36.00664658,1
15.65549442,1
18.20397372,1
19.30606611,1
20.30493536,1
10.37889346,1
43.23300025,1
26.56527927,1
41.09072203,1
30.52094134,1
31.50322925,1
31.90611227,1
11.42723264,1
15.33976657,1
20.16004129,1
25.98143168,1
27.73084925,1
25.63014581,1
24.29781553,1
26.51892173,1
17.38458013,1
23.46746192,1
29.85022076,1
39.26488414,1
16.57375442,1
34.05877273,1
19.88118991,1
24.86989647,1
20.1443157,1
21.44875986,1
25.92582404,1
34.865637,1
31.27782837,1
39.05425181,1
12.49389161,1
51.4003891,1
52.2309532,1
14.88295773,1
16.99192419,1
21.05581816,1
50.32891813,1
31.88640177,1
33.581203,1
32.38413042,1
41.60975906,1
35.9559495,1
14.61163398,1
29.95449294,1
70.21518064,1
24.66474044,1
25.39715585,1
23.30971443,1
16.84332912,1
33.53229178,1
17.97812889,1
10.81278485,1
8.837901197,1
49.3266891,1
10.24127692,1
56.47450444,1
41.59326869,1
34.27388938,1
59.53990259,1
21.59385467,1
19.78987993,1
42.30569321,1
22.21701863,1
16.60717612,1
15.77929861,1
23.28684424,1
43.8834271,1
16.58606721,1
20.92912469,1
31.64865031,1
31.03122772,1
24.1957384,1
15.54514315,1
13.97117224,1
24.61249695,1
37.17907989,1
21.43230517,1
16.84961125,1
24.6380872,1
14.99156067,1
54.58937626,1
13.28444378,1
20.41134678,1
35.10144971,1
13.92771043,1
35.84689666,1
19.1388138,1
6.851751999,1
25.91666266,1
13.00263124,1
18.78701494,1
16.82637587,1
23.59327664,1
22.28990115,1
28.01642,1
54.85111884,1
17.78926041,1
41.06090145,1
18.20132429,1
17.49285568,1
28.01785145,1
23.79636234,1
11.26381987,1
41.34929664,1
20.00786584,1
20.36055293,1
16.17813197,1
33.27037922,1
34.54597787,1
60.350903,1
35.58644067,1
31.11322125,1
24.59924194,1
49.98917809,1
30.90005599,1
32.69556545,1
27.16199064,1
27.93316219,1
38.04390146,1
41.72043761,1
29.35655496,1
54.94640292,1
27.91495512,1
21.32899229,1
37.47776292,1
35.80039482,1
20.23574379,1
60.84694197,1
25.70049537,1
28.85001748,1
29.95469331,1
27.0090672,1
17.02775638,1
59.67683196,1
36.52982455,1
28.99497252,1
27.12627006,1
35.02609402,1
42.56308408,1
49.24803907,1
53.37537303,1
24.87720767,1
40.13879132,1
33.13608305,1
28.42534081,1
14.65164124,1
10.26388683,1
25.8374027,1
67.70049972,1
30.00239362,1
31.53173404,1
14.87885406,1
19.08908097,1
16.13030341,1
19.26689765,1
9.231960568,1
10.90234322,1
10.82036504,1
24.60648791,1
35.90396354,1
19.17002457,1
26.40075756,1
36.68787266,1
14.58346253,1
28.76640211,1
35.99273758,1
25,1
34.25366393,1
28.23118843,1
38.25150479,1
38.12104038,1
19.73431838,1
21.72249058,1
23.77438925,1
9.629632981,1
27.89265136,1
26.5023042,1
33.40259231,1
11.83196233,1
44.72135955,1
13.35921573,1
17.11827242,1
12.37063101,1
21.03108542,1
33.96594402,1
19.77328379,1
15.73956715,1
37.33394465,1
15.01554725,1
21.4376286,1
35.35533906,1
13.25651888,1
30.80700153,1
22.2053621,1
31.31098884,1
19.70474832,1
21.05412971,1
17.24409665,1
14.57538697,1
15.48848886,1
28.96801767,1
30.10436994,1
11.5547117,1
29.92591743,1
21.29972901,1
21.29236114,1
17.20507946,1
15.71594383,1
36.34556369,1
13.16115287,1
27.40437762,1
34.37431351,1
12.89562624,1
25.67484504,1
36.05551275,1
15.74926511,1
32.93648728,1
33.38656529,1
24.25308863,1
16.7732867,1
15.81896385,1
35.12073503,1
10.58986416,1
36.81664977,1
14.21221258,1
15.15865616,1
21.84032967,1
14.70350705,1
13.6722492,1
18.6737773,1
25.95255448,1
29.83286778,1
19.24300344,1
19.31320792,1
15.21493274,1
21.77061163,1
20.23248068,1
21.82309733,1
15.89230953,1
21.18856766,1
21.58703314,1
18.48393473,1
21.73910893,1
60,1
11.98596526,1
29.63742533,1
22.51706962,1
22.82893521,1
12.43492224,1
23.77645646,1
24.21103479,1
21.1376066,1
25.83108681,1
30.23243292,1
34.77564468,1
30.83238099,1
21.35323817,1
23.8823401,1
26.2974607,1
28.04726112,1
18.06916802,1
26.48843333,1
26.13248777,1
20.91656118,1
31.48142628,1
41.23105626,1
29.86760014,1
41.671101,1
57.67847458,1
56.85068161,1
28.11778816,1
25.0356339,1
44.04442252,1
30.77269761,1
25.35429553,1
40.1614042,1
23.95007922,1
49.24428901,1
21.74431307,1
85.28774824,1
39.76052528,1
23.97248472,1
33.05609735,1
34.76048397,1
50.99019514,1
30.56604817,1
12.29093717,1
48.54104348,1
21.53093707,1
48.91829923,1
61.45261363,1
94.5409964,1
40.96552655,1
50.69178278,1
70.22819946,1
38.71756493,1
55.65475947,1
37.83517949,1
28.28427125,1
30.2654919,1
39.68375921,1
17.77589534,1
27.34174838,1
26.39584861,1
24.08066063,1
51.2445119,1
17.59140248,1
35.00949784,1
16.2010019,1
17.9649859,1
38.06171672,1
14.13900748,1
19.27288712,1
31.12373413,1
22.18161811,1
44.26932169,1
43.58394777,1
30.79600891,1
28.07356799,1
39.43249582,1
20.21466433,1
39.35733731,1
17.54495386,1
24.08318916,1
34.46991938,1
30.59386246,1
22.26095039,1
20.21585303,1
17.92365966,1
30.37975196,1
31.63987397,1
20.17176899,1
29.57301241,1
54.26226841,1
23.85372088,1
21.32131906,1
27.20604086,1
41.44221947,1
54.38897132,1
23.15092401,1
31.66403662,1
42.53892325,1
36.20878221,1
21.94378488,1
32.19467815,1
34.74142107,1
64.13267498,1
25.74295399,1
36.21777097,1
33.42568526,1
18.20714357,1
27.34043709,1
33.9705755,1
18.82244263,1
30.13286681,1
24.04164775,1
34.08878017,1
36.40054945,1
21.01165935,1
11.21584263,1
22.65835468,1
34.04487286,1
27.54087871,1
25.02172887,1
24.41948301,1
25.51084838,1
49.09175083,1
42.11355944,1
23.43229605,1
31.37471322,1
18.30112185,1
15.52675432,1
40.37795261,1
19.72863102,1
31.30495168,1
13.71236328,1
41.52639505,1
31.06446604,1
29.26441504,1
55.47071299,1
43.95910399,1
23.26422998,1
24.41311123,1
19.22593096,1
25.90350559,1
39.92492956,1
40.23413081,1
31.27441244,1
30.10836297,1
19.10031994,1
43.47371528,1
36.19315426,1
21.24032204,1
27.81316506,1
34.74559532,1
27.51363298,1
18.38477631,1
14.75497582,1
21.24148003,1
36.8345068,1
33.43843507,1
29.0020253,1
23.90582694,1
27,1
26.07680962,1
49.26834052,1
48.45777797,1
16.55320022,1
22.6722654,1
13.65346865,1
36.12478374,1
26.88434324,1
34.67736858,1
59.53990259,1
20.26804496,1
42.81596742,1
39.13560439,1
37.32684776,1
36.35160757,1
59.28628568,1
45.50474504,1
25.04357447,1
48.38388161,1
53.80518415,1
31.43697374,1
31.40063694,1
39.24073325,1
30.53983767,1
26.44372875,1
24.01051253,1
21.1192486,1
52.69292171,1
33.41970357,1
30.6757233,1
47.91230382,1
27.73521355,1
27.91110444,1
32.61203247,1
61.36764806,1
34.57836435,1
40.31455253,1
47.4491698,1
29.54462105,1
12.77800648,1
32.41461927,1
41.84012984,1
15.9241365,1
30.60232807,1
29.80895565,1
37.77379791,1
30.8058436,1
48.04667755,1
31.08171988,1
28.38314555,1
21.95224313,1
20.75634636,1
18.0823189,1
36.12142239,1
19.31320792,1
31.22123159,1
19.86127568,1
17.0507264,1
23.0176947,1
46.95742753,1
27.88673685,1
16.40806401,1
31.25699922,1
19.43251264,1
11.30731739,1
39.22294005,1
18.70909439,1
52.15361924,1
18.47523123,1
20.51746225,1
14.38315171,1
50.6359556,1
23.34523506,1
32.64965543,1
32.24903099,1
24.7549719,1
16.18039657,1
28.14011451,1
22.82542442,1
36.09240173,1
12.6533939,1
18.39334251,1
36.1489724,1
13.47193203,1
30.79245452,1
24.91902863,1
14.72376009,1
21.01916547,1
29.69283628,1
36.22703348,1
14.25844358,1
25.02996409,1
21.21320344,1
25.07155866,1
17.88455008,1
24.91424476,1
14.4288663,1
34.6908172,1
16.56214975,1
50.08201739,1
49.95485947,1
25.96150997,1
57.50231269,1
10.60575376,1
46.5188134,1
14.3692357,1
39.44616585,1
16.89542605,1
25.5849037,1
59.68249325,1
28.73143653,1
26.20708309,1
54.23098745,1
58.30951895,1
11.52841407,1
33.95474071,1
23.35098547,1
28.63564213,1
11.96616925,1
45.8187983,1
14.17332004,1
21.27522846,1
20.17922581,1
18.12034264,1
19.91581775,1
17.56458019,1
29.06888371,1
26.58973784,1
18.50595228,1
19.67448909,1
30.59411708,1
44.6677334,1
55.21775077,1
27.12248725,1
42.84492016,1
11.39259194,1
26.64742764,1
29.35943002,1
10.48251723,1
43.18564576,1
19.60443347,1
26.07680962,1
19.61325832,1
27.20059786,1
32.24903099,1
27.14002669,1
13.46807035,1
20.76781139,1
22.11119199,1
31.20094863,1
12.91352673,1
17.93020272,1
19.6882361,1
14.62388709,1
22.51530134,1
42.04759208,1
31.14513399,1
34.36568055,1
20.81437029,1
13.0966915,1
16.81211921,1
13.16820239,1
22.59387107,1
9.802682339,1
18.69777958,1
26.84646193,1
41.66527103,1
14.07505399,1
12.8334085,1
15.2154378,1
47.8355301,1
32.74445196,1
30.21886203,1
26.30589288,1
30.3924909,1
40.73461147,1
19.11469502,1
21.07967577,1
30.66754239,1
19.46661566,1
60.23604324,1
32.09412126,1
22.29114142,1
32.12758196,1
38.69567652,1
40.44749683,1
38.94333564,1
31.29575035,1
27.83849013,1
23.05372823,1
36.80709341,1
19.11895062,1
35.17632731,1
37.76066996,1
18.52495306,1
29.89399065,1
25.1497367,1
33.11792859,1
21.64504383,1
24.75860992,1
20.30612387,1
47.26520919,1
34.82241016,1
36.80750251,1
38.588714,1
18.6615689,1
42.32891002,1
25.94008847,1
21.60541889,1
35.06368127,1
50.71453266,1
40.27933847,1
20.40027725,1
28.24594761,1
57.09926334,1
36.82858732,1
60.02670671,1
52.11251748,1
27.24881814,1
42.51282893,1
49.95702898,1
32.79503668,1
24.93508052,1
31.02769257,1
22.77051826,1
69.91081196,1
21.14185005,1
46.22128293,1
25.75824297,1
35.16136513,1
32.15030997,1
40.11221855,1
38.34279235,1
48.06898906,1
45.18226085,1
47.42267305,1
16.09736463,1
45.10044568,1
34.14253466,1
29.67743084,1
27.06509548,1
36.19346532,1
38.27677448,1
26.21068037,1
53.36665626,1
27.20092228,1
27.79318492,1
52.7025682,1
44.38798002,1
85.70584474,1
32.17669179,1
28.45611742,1
23.23534084,1
53.38192675,1
27.32301475,1
24.0208243,1
21.40892248,1
24.39650783,1
24.45947872,1
16.11982051,1
43.93176527,1
27.7957249,1
22.06490854,1
33.30165161,1
25.2048911,1
39.11521443,1
21.24060316,1
35.92595712,1
22.31820976,1
28.42621658,1
34.11601611,1
23.97476686,1
38.82915701,1
37.21558813,1
30.19513317,1
29.91420472,1
28.66094558,1
15.73449532,1
17.21994292,1
54.71355311,1
20.40154821,1
22.57916899,1
15.66186872,1
32.89581808,1
55.94640292,1
24.52860593,1
30.49620918,1
16.34968865,1
21.09569642,1
17.26996214,1
32.42394803,1
44.52817374,1
38.79703181,1
14.1228021,1
29.61235241,1
20.1858207,1
31.38470965,1
19.08211813,1
23.49493982,1
22.60048545,1
40.01115033,1
25.4702867,1
33.00244539,1
17.52843507,1
28.24885185,1
21.80293392,1
27.02699679,1
15.72865019,1
42.72001873,1
22.18552645,1
30.74397175,1
28.28427125,1
8.399670074,1
24.68490381,1
49.16299421,1
18.80921037,1
30.8739284,1
25.57749395,1
19.28282526,1
33.18607567,1
33.87710146,1
14.14201384,1
22.47577527,1
29.72519075,1
14.89579946,1
34.02050463,1
19.22403344,1
25.94562398,1
17.08894942,1
39.75201999,1
20.20961297,1
25.26870963,1
10.65934741,1
17.67715677,1
23.67571558,1
17.38977081,1
38.23670052,1
70.25667228,1
15.71491737,1
29.15259181,1
26.74651727,1
25.79550235,1
26.21708245,1
28.64972269,1
39.96248241,1
20.20143622,1
49.4234192,1
50.53703123,1
26.13092015,1
39.74174826,1
22.19680634,1
37.48332963,1
14.86873885,1
34.87214097,1
58.82176468,1
22.49309008,1
16.48393216,1
20.49154826,1
19.46461673,1
54.22499137,1
26.31290262,1
16.8376403,1
29.56868298,1
30.92333053,1
17.87092948,1
15.08893245,1
24.26466111,1
15.30702596,1
40.31394344,1
24.20087713,1
17.00454944,1
19.326149,1
52.46903849,1
35.00675552,1
20.80980224,1
30.60878872,1
21.38594353,1
53.07541804,1
25.05027466,1
39.76042354,1
36.15366867,1
66.24260845,1
14.00323846,1
19.89340279,1
21.85188269,1
60.08327554,1
32.28117525,1
17.08800749,1
38.33966745,1
21.8578699,1
25.7503876,1
18.2265256,1
28.02507939,1
28.68486331,1
25.04552002,1
23.56401771,1
24.76597038,1
15.31783705,1
34.54300132,1
25.6180336,1
28.53943276,1
34.6931366,1
24.42273188,1
26.72618331,1
12.20332166,1
33.06816613,1
18.86334952,1
14.62225671,1
29.32986713,1
18.46048808,1
34.03211493,1
20.52115128,1
18.68502779,1
15.69177103,1
24.46604237,1
58.42088668,1
26.19890402,1
30.14962686,1
29.55126821,1
18.97797648,1
25.73820229,1
19.90645932,1
55.36244214,1
28.50100414,1
22.00886673,1
42.75535172,1
36.916088,1
11.91965067,1
25.7660749,1
44.15640064,1
43.90090681,1
51.07837116,1
12.72498537,1
25.45821623,1
19.38600782,1
32.66681055,1
24.29191792,1
29.86371473,1
29.79806922,1
22.24393229,1
22.45259107,1
37.85170457,1
44.70557953,1
25.74821605,1
14.52768317,1
74.40885293,1
17.46393276,1
20.9577132,1
17.86816865,1
33.24173156,1
10.68749806,1
29.89011318,1
24.33105012,1
60.29925373,1
40.71854614,1
25.25193137,1
35.71549361,1
28.41966555,1
11.12998489,1
33.19050608,1
12.46456949,1
40.31128874,1
42.54409477,1
10.15406448,1
33.01514804,1
34.89162204,1
21.9334812,1
50.35871325,1
20.60461153,1
21.47922044,1
25.90739551,1
50.35662169,1
34.16968611,1
22.23097887,1
88.5663593,1
34.47565189,1
43.56604182,1
18.44685998,1
64.48908814,1
22.34770155,1
57.31491952,1
42.13876978,1
12.88022425,1
45.11676472,1
24.69033276,1
50.6359556,1
26.93192954,1
17.12442331,1
86.82296416,1
15.94595239,1
67.54257916,1
19.41352119,1
46.68330762,1
17.91435831,1
16.19960287,1
33.83355652,1
49.39635614,1
45.57015935,1
11.96803662,1
23.73256602,1
70.82554985,1
34.87367225,1
16.80420754,1
40.85006292,1
58.90189879,1
22.4640611,1
40.42229764,1
16.35160254,1
12.66990094,1
18.86365728,1
8.295926222,1
17.73627483,1
30.12791287,1
31.25699922,1
25.01611785,1
41.60802229,1
35.84451073,1
21.06915971,1
23.33256495,1
56.61271942,1
54.69628654,1
23.07781822,1
18.78180416,1
35.0395411,1
33.72185859,1
18.698069,1
23.1223427,1
31.77801607,1
30.59175232,1
11.82666193,1
59.48108943,1
10.43735455,1
20.13804161,1
25.47737813,1
35.84689666,1
33.99242986,1
33.78533338,1
32.77162871,1
35.92370333,1
35.27764845,1
17.2112676,1
25.62226548,1
26.59956635,1
47.51077907,1
49.60045556,1
28.77269595,1
16.59800375,1
47.83926229,1
29.62055167,1
35.90808556,1
22.58883882,1
0.868517092,1
35.03568588,1
23.08380295,1
14.34696022,1
34.83594035,1
29.18721012,1
16.99877428,1
53.85577165,1
17.85241044,1
24.03598489,1
29.93825846,1
17.27423256,1
38.83984894,1
45.26748472,1
19.20326047,1
59.1063603,1
35.42700042,1
14.63921754,1
60.68643884,1
62.00793601,1
19.94998005,1
24.86401645,1
32.66817172,1
42.65419134,1
31.45812176,1
26.57879696,1
83.19855768,1
26.42506725,1
36.31801785,1
17.40213635,1
39.70262612,1
39.43775526,1
28.80445267,1
24.84787845,1
13.30082216,1
33.74320626,1
13.21038274,1
26.12444226,1
28.09696435,1
18.963521,1
17.73376122,1
26.79180374,1
31.31088954,1
28.5792275,1
44.79659154,1
29.70664532,1
38.20624807,1
14.70027731,1
44.48866763,1
25.25277335,1
25.17935662,1
17.74609655,1
20.75544868,1
27.89265136,1
47.79889754,1
16.66483776,1
33.83350567,1
51.99909638,1
42.62261896,1
14.34786518,1
34.16294222,1
39.81983839,1
54.23468898,1
87.98753944,1
28.63183942,1
11.34596334,1
33.0976993,1
38.41862591,1
11.70501183,1
33.56656498,1
42.43599345,1
77.74385615,1
13.60425511,1
40.09482763,1
21.72486495,1
33.7248763,1
49.64876635,1
28.42819723,1
66.30639862,1
29.11754032,1
24.70992026,1
37.7181595,1
54.62600113,1
29.49342677,1
51.41984053,1
13.03920887,1
12.56101648,1
20.86501774,1
45.25247063,1
28.79425484,1
32.51538098,1
27.48766209,1
31.85358857,1
17.81362427,1
29.83286778,1
16.73506084,1
45.26251805,1
37.49196493,1
7.244937486,1
28.44061679,1
63.73434515,1
48.81198059,1
37.21558813,1
40.25217883,1
35.65524289,1
28.0169382,1
13.54315708,1
33.56274913,1
30.71282205,1
34.55080893,1
29.04175515,1
16.71589245,1
23.58987963,1
12.88496596,1
18.71480108,1
28.70889262,1
15.02656878,1
28.91466961,1
39.23572326,1
20.78038527,1
22.33345314,1
18.30568237,1
34.59674775,1
28.71751359,1
19.30904844,1
38.61901733,1
46.13675144,1
13.60826953,1
28.53098337,1
38.98748129,1
30.01454652,1
36.44913637,1
23.1593488,1
33.13861854,1
23.52706127,1
23.1296436,1
40.31168732,1
64.19501538,1
15.91230575,1
29.12708247,1
19.88734834,1
23.72272866,1
25.54389312,1
39.50245706,1
45.31004304,1
21.26329571,1
45.58673767,1
19.16723138,1
22.12089983,1
23.50250299,1
22.81483107,1
27.16615541,1
21.65248614,1
29.24532535,1
27.49629586,1
28.0675311,1
18.60582468,1
11.82480246,1
28.94286694,1
9.13078354,1
42.89008687,1
25.92884901,1
36.24123895,1
24.72267259,1
18.66420724,1
17.10764934,1
55.20242669,1
62.25122792,1
27.5652974,1
28.2212651,1
24.60167407,1
50.48762225,1
17.83749055,1
23.14167909,1
12.17456963,1
32.53354362,1
14.51419968,1
38.04422144,1
17.37246924,1
40.44404405,1
55.36244214,1
49.7604976,1
14.79720295,1
25.89564455,1
20.43770304,1
28.45608749,1
20.21098428,1
28.96653479,1
26.47640459,1
28.1665568,1
38.11823711,1
35.82606936,1
33.01566529,1
34.23079426,1
59.7811941,1
19.7749428,1
28.04163537,1
10.52296765,1
44.52516522,1
45.04442252,1
13.07020479,1
23.60181935,1
35.67895109,1
36.38470233,1
58.52349955,1
43.73260318,1
18.69455402,1
43.84509302,1
31.01937053,1
35.09762608,1
34.95267191,1
29.10715108,1
41.09226385,1
30.04455034,1
21.92459692,1
23.7863268,1
30.42952542,1
41.55377147,1
29.53938237,1
25.47529585,1
30.44445857,1
38.68380409,1
23.33241399,1
31.3423748,1
43.22429243,1
28.69681748,1
19.18574701,1
21.99267995,1
47.07263136,1
34.91853259,1
52.47973276,1
28.11511005,1
43.21774142,1
33.04290893,1
61.29437168,1
50.93132631,1
31.63248189,1
33.17261957,1
46.76527281,1
32.62600565,1
55.79307451,1
52.46903849,1
59.22837158,1
32.44042793,1
48.7954916,1
23.34523506,1
27.5366312,1
35.77708764,1
42.73634236,1
25.98029522,1
23.89021557,1
26.72395665,1
37.10795063,1
24.31301356,1
23.96820217,1
18.33733063,1
41.63801121,1
36.93698374,1
17.4659723,1
45.91325366,1
33.00957066,1
39.50477605,1
32.95111688,1
28.45979434,1
31.51503146,1
36.5212201,1
84.00127043,1
29.5440475,1
35.73766277,1
30.48189552,1
66.06814664,1
39.2729585,1
33.42819834,1
54.10464735,1
38.18201446,1
29.22636358,1
35.01722821,1
79.40403012,1
37.81491678,1
61.8980529,1
72.26708511,1
49.02043973,1
56.63607133,1
72.20322086,1
30.62616849,1
25.49571067,1
54.80987634,1
32.20034165,1
41.11727761,1
37.6171599,1
17.77860641,1
81.93932109,1
42.19907552,1
28.4124775,1
43.14689408,1
44.50121256,1
57.8885048,1
48.76474136,1
64.88451279,1
68.25286796,1
26.53254452,1
70.76810606,1
85.02776826,1
16.87825724,1
26.93420785,1
27.23791268,1
38.26875402,1
50.8118874,1
43.10689374,1
27.16615541,1
33.64299484,1
41.80521623,1
36.37858009,1
40.23633878,1
38.97484032,1
14.46126148,1
53.47075089,1
76.00008281,1
35.44491997,1
37.11003731,1
39.13177667,1
37.55041212,1
49.6549025,1
44.83517838,1
26.58081877,1
34.91304906,1
53.20420549,1
52.16436652,1
56.26658059,1
47.7744918,1
47.96286863,1
24.47063449,1
33.87976932,1
30.0192441,1
36.16697524,1
34.86064008,1
51.02362373,1
50.72313184,1
21.33645439,1
34.36568055,1
29.36330266,1
48.46684052,1
22.41034063,1
33.58448561,1
34.23605106,1
44.45615763,1
29.70887797,1
36.22014308,1
56.795391,1
40.90937818,1
35.00878463,1
46.32103496,1
36.0758564,1
46.89698391,1
32.84531006,1
36.95361246,1
16.31619708,1
41.35443058,1
22.10725049,1
35.04751933,1
22.26589781,1
28.75138417,1
61.84124662,1
32.16322009,1
21.17725291,1
35.60898763,1
23.44030785,1
25.70992026,1
17.16652299,1
23.14793273,1
21.84032967,1
19.13771146,1
71.72254211,1
33.76333661,1
42.52367508,1
43.34881735,1
42.75511665,1
31.64988493,1
19.95324962,1
46.09772229,1
32.77590471,1
43.20597063,1
74.6860094,1
48.12472529,1
67.08120189,1
49.13999018,1
38.97992049,1
24.03444185,1
24.18677324,1
36.54498825,1
40.31396374,1
33.84430919,1
33.6382286,1
41.5724115,1
35.67610498,1
72.32423255,1
14.80633983,1
29.98994012,1
54.08326913,1
35.03717449,1
35.30659588,1
33.23704997,1
33.23090233,1
29.70752091,1
46.8389725,1
47.52810984,1
33.7302842,1
31.64261295,1
51.32641183,1
18.44329826,1
47.09564736,1
14.72176844,1
42.50042518,1
54.89681829,1
51.46672282,1
47.06239443,1
68.52619072,1
44.91377402,1
53.94652356,1
35.57514374,1
25.07002736,1
47.33453316,1
34.84689666,1
46.12290447,1
45.22590678,1
38.3751491,1
30.99703907,1
36.5229654,1
44.65170629,1
47.95060914,1
37.39683657,1
23.09916807,1
26.05538058,1
25.44792167,1
29.95702848,1
29.6239406,1
0,1
58.41958652,1
49.82997385,1
42.35365614,1
61.02405369,1
28.63073427,1
31.503968,1
0.207106781,1
49.08261647,1
36.6561667,1
32.02851724,1
32.54157388,1
49.75053406,1
73.5772466,1
34.48866104,1
59.09405459,1
31.45309062,1
40.52583341,1
53.03702434,1
29.05975608,1
41.61443509,1
58.15164381,1
55.19472167,1
42.89953897,1
29.61120811,1
53.33205665,1
34.83982083,1
30.19757535,1
39.62456087,1
56.45115041,1
38.69071361,1
32.98475694,1
54.2866155,1
53.69724849,1
44.08858311,1
27.56844686,1
26.77058327,1
31.47793962,1
51.27759555,1
60.0687014,1
50.83221281,1
53.35174165,1
113.9098761,1
81.85434904,1
34.36829416,1
48.09406777,1
34.72599496,1
44.2802401,1
30.83036612,1
25.68118237,1
50.40237703,1
33.27844696,1
19.59155837,1
20.47091055,1
27.47372951,1
66.06814664,1
39.72124623,1
32.17110299,1
54.01579498,1
69.82101022,1
25.6499723,1
55.97320788,1
68.03233049,1
35.07665925,1
34.57523168,1
36.51549066,1
49.90492495,1
40.11234224,1
45.37007575,1
42.57933771,1
34.15994557,1
19.74765726,1
51.92424149,1
22.52700833,1
20.22374842,1
24.83740848,1
34.86618031,1
39.56165799,1
17.47224432,1
38.94052216,1
12.65806526,1
52.50454508,1
60.70187655,1
43.42042017,1
38.43555933,1
37.98922995,1
38.21016581,1
44.91679217,1
29.96865001,1
34.1180071,1
33.61547263,1
25.40075756,1
24.48419901,1
37.46630548,1
49.1672127,1
31.53111247,1
27.44934336,1
22.98640147,1
31.07464371,1
24.48819176,1
24.87555014,1
60.45253298,1
32.90669476,1
31.29890156,1
24.6221445,1
35.96994078,1
42.96102739,1
37.48899272,1
37.08690338,1
28.16209786,1
25.60207411,1
41.31656027,1
15.41148484,1
42.55858092,1
15.1904363,1
18.08543334,1
36.71393934,1
37.17167623,1
25.04249102,1
33.12305439,1
29.01723626,1
53.80127131,1
27.22056966,1
56.30275304,1
35.50474047,1
16.68465731,1
37.73726618,1
31.95309062,1
14.15164371,1
29.38998998,1
18.21867571,1
45.69047012,1
43.33781745,1
39.99262302,1
27.76112983,1
15.74895335,1
30.86391456,1
27.02228569,1
50.80354318,1
33.89907136,1
37.36905105,1
25.3179778,1
32.03202475,1
8.739074458,1
13.81838428,1
45.4096547,1
32.19699328,1
25.07615949,1
37.3497309,1
17.2626765,1
16.63520767,1
8.41540375,1
8.863126241,1
5.373231663,1
39.12995757,1
26.80877608,1
35.85072468,1
37.30155035,1
32.13664983,1
29.83286778,1
18.8508227,1
10.54586095,1
16.19044549,1
34.64866988,1
32.2091213,1
57.07622195,1
28.58461455,1
41.39633693,1
32.9887874,1
37.98386145,1
54.23098745,1
52.02413487,1
39.0050814,1
14.44375971,1
22.71085687,1
10.53345861,1
34.55963246,1
26.12013021,1
35.6931366,1
62.63175308,1
20.10676302,1
20.40665629,1
23.09906622,1
44.63892866,1
37.33370918,1
18.10352547,1
52.75027968,1
35.90485421,1
58.07350691,1
43.28972164,1
30.21142674,1
38.24677193,1
42.44997055,1
22.16661061,1
34.72558639,1
32.55219632,1
11.37467267,1
46.74793183,1
37.11823711,1
51.70428907,1
39.42230101,1
59.29951208,1
23.57911143,1
32.06243908,1
37.49632509,1
26.57066051,1
35.47887142,1
41.04193507,1
31.36536703,1
28.01176075,1
40.31776638,1
80.66883174,1
25.88591731,1
32.71840321,1
31.43669557,1
26.83778845,1
42.57689184,1
36.74870907,1
27.48138291,1
33.49158215,1
30.36506272,1
54.40812552,1
53.25410782,1
60,1
48.76439151,1
29.6245155,1
20.9079675,1
9.684078293,1
23.93348343,1
20.43684476,1
23.91284806,1
32.72725375,1
9.890580439,1
17.25313339,1
35.13264874,1
49.71350834,1
23.5642694,1
43.88543761,1
18.50966098,1
36.97405425,1
20.67156576,1
14.81588698,1
18.90024983,1
27.22318528,1
18.70048536,1
29.72186175,1
33.80667318,1
28.38732701,1
37.08013052,1
29.13305107,1
33.89087847,1
23.3645565,1
23.8914904,1
59.87393774,1
23.57006673,1
33.4791196,1
28.75208776,1
27.89265136,1
30.7565849,1
35.30967236,1
36.88659554,1
37.0685359,1
17.12144151,1
32.04133017,1
48.87739764,1
25.7595305,1
44.10215414,1
15.26568766,1
22.71422283,1
41.0487515,1
31.09709452,1
33.24154028,1
34.59802078,1
28.79033764,1
26.88204042,1
20.40638659,1
31.33453992,1
12.67166387,1
23.89965266,1
17.8760111,1
36.34108758,1
31.50093978,1
30.10462719,1
16.92907458,1
27.19789092,1
24.69953623,1
33.12728114,1
48.0848223,1
39.38945288,1
35.47282329,1
34.05877273,1
34.53797507,1
17.16638008,1
23.18945435,1
19.68058316,1
19.38731739,1
38.01338719,1
33.59860569,1
30.73300738,1
34.84309969,1
49.31297143,1
55.91257663,1
33.96491602,1
51.2249939,1
27.97889578,1
29.10822275,1
21.10653542,1
24.34214355,1
42.74711502,1
26.32487063,1
34.11725615,1
26.67887575,1
42.70521558,1
36.61866536,1
21.55591676,1
24.8580401,1
44.08267571,1
19.06978538,1
24.4952116,1
20.86387818,1
84.89728237,1
38.3297446,1
30.3644529,1
28.53906893,1
44.27671303,1
45.95554904,1
58.09992738,1
19.41648784,1
17.01129178,1
58.07622195,1
25.68639945,1
15.43644676,1
11.74754687,1
30.59411708,1
31.09507943,1
57.45601174,1
52.12608013,1
19.04711951,1
62.63961031,1
51.02320805,1
37.2886325,1
28.22374557,1
36.69591108,1
46.60625559,1
69.52992633,1
31.57530681,1
68.8160289,1
21.1725158,1
63.16471523,1
52.14279053,1
36.55734224,1
18.57621389,1
42.54475334,1
82.49319903,1
24.8504612,1
41.83586611,1
49.88245874,1
43.13912526,1
54.45181356,1
34.13209633,1
29.96664813,1
18.41648784,1
28.16025568,1
51.31177898,1
33.95585369,1
50.08214903,1
30.82093933,1
59.7240124,1
25.06377288,1
35.8932383,1
36.14639433,1
25.47313407,1
34.0314443,1
26.75036781,1
20.58625724,1
8.331517301,1
11.15843126,1
23.98525796,1
10.03409976,1
13.81573221,1
10.26400675,1
20.95969729,1
45.09988914,1
45.55653592,1
11.32461769,1
6.706933571,1
8.898023474,1
11.57949267,1
20.84683168,1
23.96986594,1
8.220937882,1
18.82482772,1
21.02271555,1
30.52629759,1
58.83816462,1
25.29511771,1
22.77212678,1
3.271891549,1
12.01181302,1
19.13022956,1
23.63014768,1
14.77203227,1
37.38444494,1
61.98904498,1
22.85194419,1
46.82903483,1
21.04506945,1
21.55776323,1
24.1667512,1
34.41126183,1
30.71751006,1
11.9155685,1
19.98769783,1
20.1246118,1
32.42131701,1
32.68680843,1
19.92485885,1
26.80287755,1
44.71637464,1
16.30243381,1
33.57977251,1
44.98556905,1
41.0617368,1
36.77077375,1
25.88209685,1
19.33045382,1
14.98730492,1
16.56928715,1
22.57486017,1
43.28826279,1
40.92412798,1
26.81049017,1
12.79065152,1
39.84971769,1
35.17101079,1
30,1
31.29873494,1
39.17079806,1
44.59116267,1
47.0748887,1
47.80167361,1
49.27773017,1
55.0227286,1
59.27788374,1
48.39328222,1
57.218878,1
25.31634488,1
26.86812531,1
14.0822922,1
19.54741381,1
23.60013963,1
20.50423797,1
41.826638,1
60.19241073,1
45.04442252,1
30.2080074,1
18.47587118,1
20.09502311,1
29.60462719,1
54.08326913,1
25.57980287,1
15.28897726,1
25.3980265,1
25.53306761,1
18.84943324,1
13.91352748,1
14.18732702,1
15.55040176,1
18.44471882,1
10.67057503,1
5.793491931,1
20.3294471,1
31.21240994,1
28.89656636,1
13.29789758,1
20.03366404,1
18.14658213,1
18.46795281,1
37.53532135,1
49.49747468,1
21.58703314,1
29.57628243,1
42.71959667,1
56.45750533,1
23.88046504,1
22.74771881,1
45.66087667,1
31.01932163,1
11.10644926,1
18.44609261,1
15.96368707,1
36.8899332,1
14.35780573,1
12.21983564,1
24.04163056,1
43.32943443,1
16.48502995,1
52.73534248,1
21.68379141,1
41.71851837,1
5.099215022,1
20.19934278,1
37.9737385,1
17.9442074,1
21.63827652,1
12.90674965,1
36.11952629,1
30.10398645,1
31.56801937,1
22.82924843,1
22.18057358,1
27.80759543,1
38.74753677,1
37.20653918,1
32.96160875,1
28.09672836,1
43.18564576,1
0,1
28.26967014,1
37.38858338,1
35.67893328,1
55.24167429,1
44.7642621,1
26.93776205,1
43.41658669,1
48.64876635,1
38.88959495,1
37.73592453,1
31.72823564,1
17.89891279,1
47.69702038,1
35.05619422,1
24.68045306,1
35.31382829,1
42.76458928,1
37.89966969,1
42.13296277,1
27.72154236,1
25.49509757,1
22.73615584,1
48.52026472,1
52.23983155,1
29.80192507,1
56.88352649,1
42.52696561,1
18.74008153,1
49.73932046,1
46.48441066,1
34.40236079,1
29.02996612,1
28.34843396,1
31.14868254,1
20.31990842,1
25.64181934,1
47.31636523,1
38.26931926,1
17.16282962,1
38.94868419,1
19.62486076,1
36.68925646,1
16.55666848,1
26.69502123,1
25.19246573,1
19.05885935,1
13.30229932,1
29.10890036,1
11.41017836,1
20.95293725,1
14.32513944,1
15.74208952,1
33.20503798,1
33.94797091,1
19.22029728,1
9.390271426,1
33.45063899,1
16.55666848,1
29.88697553,1
26.18251377,1
19.05885935,1
34.48809046,1
37.05401463,1
33.94797091,1
20.40386305,1
9.872296069,1
30.24604636,1
16.13262991,1
38.94868419,1
19.62486076,1
39.03388469,1
48.02167506,1
10.96595189,1
20.89044019,1
29.62562787,1
19.10497317,1
19.03988866,1
27.8113883,1
14.33333333,1
34.12243494,1
33.9705755,1
33.56398592,1
34.15109543,1
32.06243908,1
29.2759771,1
57.8646357,1
26.68847116,1
22.21679136,1
22.17382361,1
28.0067672,1
16.87213958,1
23.30400808,1
13.47504131,1
32.14031736,1
10.07265186,1
26.21546993,1
19.08131197,1
26.48206971,1
22.20765086,1
29.56451527,1
14.05206634,1
32.06243908,1
58.42447097,1
57.15273817,1
21.75944356,1
24.7096039,1
30.00850368,1
16.51164017,1
33.53917635,1
17.07801271,1
24.63666485,1
24.59674775,1
27.21415291,1
18.56759794,1
18.21784605,1
23.72627051,1
29.47701002,1
27.88376699,1
18.0967463,1
14.50198584,1
44.27435391,1
15.51432927,1
67.2768105,1
20.40957754,1
18.9109482,1
16.48192787,1
26.53427805,1
32.69183041,1
34.54659106,1
27.4343632,1
35.10708854,1
19.3761531,1
32.46295952,1
24.29193137,1
29.71379047,1
35.3635067,1
16.1860138,1
27.76582518,1
40.33819046,1
44.12278718,1
23.76448861,1
16.62272658,1
29.83163746,1
18.69045195,1
31.69556545,1
15.15370284,1
23.9345752,1
13.043572,1
19.60354038,1
30.08321791,1
28.23422725,1
11.38964396,1
41.78008094,1
35.10960237,1
26.30148146,1
26.69870176,1
23.59344182,1
9.0898166,1
11.89179613,1
35.10970124,1
16.68179812,1
12.63288911,1
38.50749068,1
31.91031426,1
44.96737974,1
14.60278042,1
28.94210081,1
59.59052,1
23.41061891,1
44.83968738,1
62.2001773,1
50.53711507,1
24.35519287,1
46.27658122,1
12.5,1
44.28317965,1
11.21160602,1
34.65524464,1
10.71646375,1
18.32903656,1
11.02355315,1
28.07924432,1
34.19395816,1
24.48728893,1
23.22013435,1
33.2448626,1
22.62837206,1
11.2678318,1
24.4351869,1
20.89952815,1
34.7118114,1
34.07012924,1
36.71914633,1
48.33787171,1
11.28163436,1
37.3492657,1
16.10439583,1
23.42842645,1
18.84159177,1
23.68502453,1
26.01922366,1
15.39772774,1
28.0444298,1
39.17050253,1
16.88121701,1
31.59068619,1
17.39515248,1
19.66559741,1
18.72229137,1
27.81586605,1
21.59498507,1
34.38017308,1
27.94075306,1
24.46423802,1
34.3251954,1
17.86057628,1
31.56835658,1
19.23538406,1
19.11276432,1
20.18248713,1
15.95798932,1
44.22539998,1
22.70098452,1
27.61278698,1
18.50488388,1
16.07262564,1
13.8939684,1
48.16637832,1
21.7788776,1
26.92582404,1
19.34738341,1
41.6455875,1
17.7174541,1
15.55268998,1
17.99561689,1
44.79609265,1
20.23661911,1
10.35942906,1
26.63197611,1
24.27875,1
17.17626661,1
16.34261992,1
16.5416325,1
39.01560522,1
16.53581643,1
31.69556545,1
29.51466792,1
14.54276445,1
41.61380007,1
27.31300057,1
13.92171853,1
19.41407477,1
32.94968441,1
20.98982181,1
22.53888035,1
11.92107997,1
33.06932932,1
40.0487515,1
11.71895357,1
28.4088291,1
27.52950898,1
14.99108699,1
21.64979569,1
33.65141279,1
22.6394103,1
18.42054178,1
24.62389371,1
19.68804613,1
54.58937626,1
26.82286713,1
18.42421173,1
24.15082581,1
16.86173664,1
22.8691247,1
14.32447281,1
23.05336301,1
13.66966629,1
43.27817002,1
27.83004736,1
19.82521271,1
23.6509087,1
54.21900952,1
22.14847481,1
22.66327681,1
15.87081325,1
18.39566565,1
16.77702247,1
10.59866375,1
22.38217177,1
35.4681056,1
45.89117562,1
35.4682957,1
23.85372088,1
16.30962172,1
14.44040876,1
25.61621641,1
46.61544808,1
26.81578995,1
34.62790595,1
44.73471157,1
17.90687321,1
23.00245972,1
29.67772697,1
21.67669878,1
11.34656494,1
19.54302557,1
24.15631427,1
25.50757402,1
18.15433776,1
20.24485941,1
25.42426227,1
39.44749683,1
34.68249175,1
24.85608969,1
29.24061898,1
31.94013949,1
28.63564213,1
23.44121983,1
21.5114522,1
52.08646657,1
35.22741419,1
22.52988501,1
18.02361664,1
34.8242061,1
32.59166054,1
23.3172094,1
26.17150491,1
37.88804196,1
30.91410378,1
26.5267943,1
29.04140743,1
28.78653248,1
25.26779224,1
24.39101179,1
30.24667202,1
66.61080993,1
30.59779535,1
21.29013738,1
45.09965759,1
22.90850106,1
28.29230585,1
13.81769699,1
19.52138558,1
30.6277286,1
25.12633596,1
24.8327601,1
25.50581521,1
19.02638832,1
32.53271122,1
32.8910211,1
35.93807074,1
21.03507635,1
30.00528886,1
10.96102127,1
37.21558813,1
19.64692365,1
31.41911818,1
15.32586626,1
13.57889758,1
26.83624045,1
24.41311123,1
23.16324761,1
29.07374964,1
48.76474136,1
30.41381265,1
27.60026926,1
29.3332444,1
17.83054625,1
13.57141119,1
20.37108806,1
44.0964866,1
20.15373607,1
23.05778778,1
18.72396928,1
39.0161257,1
39.70514682,1
26.00808017,1
39.55802018,1
26.17558596,1
31.74903099,1
13.761386,1
13.02241094,1
29.08705608,0
32.47817812,0
34.30474104,0
22.92862753,0
27.93482839,0
10.00507023,0
9.838399916,0
24.63886509,0
26.03973365,0
24.81646925,0
22.95507125,0
20.04172451,0
31.32091953,0
18.13615973,0
19.87001307,0
27.80297372,0
35.27118791,0
28.35689963,0
16.45703656,0
13.32344135,0
42.44997055,0
21.47521984,0
29.18335902,0
12.28985147,0
12.84032515,0
11.46419828,0
29.6757233,0
17.77844796,0
36.4835895,0
31.984845,0
25.76151096,0
15.17334273,0
15.22324788,0
17.41683918,0
16.22999647,0
27.22628445,0
34.6080277,0
19.58913652,0
21.80391104,0
20.68702859,0
21.55236483,0
23.36471584,0
18.35610599,0
33.22810757,0
16.32828938,0
21.5261633,0
14.98865901,0
25.26695333,0
15.18104029,0
33.32472709,0
11.02001426,0
19.39789776,0
18.96719083,0
40.96664099,0
36.76955262,0
26.5076973,0
22.13594362,0
30.81824209,0
33.96194439,0
39.82410885,0
28.56475035,0
17.64927244,0
30.75913166,0
22.61085183,0
15.16449218,0
25.68591785,0
25.2742718,0
24.82971685,0
24.43200984,0
12.10282196,0
27.61256645,0
15.41789999,0
22.75341506,0
20.90313023,0
31.16372659,0
18.65858044,0
20.65894043,0
16.52166343,0
21.80626367,0
13.36001799,0
16.52036329,0
28.53895431,0
33.0758126,0
12.51622591,0
44.59820624,0
24.97880465,0
27.87305722,0
17.91197072,0
21.94196163,0
32.91515894,0
33.75434531,0
58.13776741,0
28.30135737,0
29.94808416,0
38.78905125,0
46.67598976,0
57.35407,0
28.59580629,0
28.24844283,0
35.57314411,0
44.33645611,0
61.7170965,0
38.94187465,0
30.18801518,0
27.66023791,0
41.02071538,0
43.86825932,0
37.10795063,0
39.9767579,0
19.53653556,0
12.67815585,0
49.81967483,0
28.08378981,0
24.06804153,0
41.29155888,0
34.59939321,0
29.61418579,0
26.21378545,0
46.5295605,0
53.81449619,0
26.20958757,0
40.76122604,0
42.9916643,0
23.70832459,0
28.37251596,0
31.33034844,0
28.03840997,0
33.06768429,0
48.12960588,0
28.81855354,0
48.10405388,0
32.38331279,0
34.26871998,0
26.6263647,0
40.71916275,0
30.77048139,0
25.40671554,0
29.73807614,0
11.50783189,0
21.81695773,0
19.5174233,0
27.78525089,0
60.21627687,0
24.19032409,0
36.5371016,0
37.71756834,0
21.47104513,0
50.47771786,0
26.46200375,0
21.64905862,0
36.52059355,0
36.33389644,0
44.85145698,0
34.90425738,0
36.09963466,0
37.71680157,0
36.91395058,0
53.75872022,0
28.55096312,0
20.61942227,0
17.52167278,0
33.98528677,0
29.23390304,0
28.03770065,0
46.61544808,0
21.84708384,0
27.86127524,0
54.20332093,0
32.0366607,0
48.27007354,0
48.10405388,0
30.38977859,0
39.66823353,0
25.18408811,0
30.3195617,0
28.56224138,0
27.89981617,0
24.58242288,0
33.32811472,0
35.35047053,0
28.07349187,0
20.63005194,0
25.35979507,0
18.8777211,0
31.09910888,0
25.37156585,0
27.28074789,0
30.95701165,0
22.47220505,0
19.60977057,0
26.02939616,0
45.29067198,0
22.46068863,0
18.20500877,0
38.90235234,0
21.87906334,0
18.02141843,0
22.80579571,0
26.27083109,0
24.4730628,0
15.5376321,0
16.95893469,0
19.7298748,0
16.18795402,0
21.81140874,0
13.32232112,0
32.62486852,0
25.19154636,0
36.37815794,0
21.86002257,0
20.39947013,0
43.87237563,0
25.96150997,0
25.28308855,0
20.49074953,0
16.24931885,0
23.67410716,0
36.02394036,0
26.04590104,0
34.05376901,0
28.21022261,0
28.44292531,0
28.89849002,0
33.62077014,0
34.13271197,0
23.38865357,0
23.22159951,0
43.1649218,0
45.91530773,0
24.67698133,0
26.6927526,0
24.36907539,0
43.41658669,0
23.06591049,0
40.42307164,0
23.77159771,0
20.0994243,0
25.72958249,0
21.42108031,0
20.62356473,0
55.78884199,0
16.23878161,0
10.89588594,0
19.79958602,0
20.35451613,0
47.25830377,0
29.11335724,0
40.62818807,0
45.2088936,0
16.27887458,0
38.55217724,0
13.90985585,0
23.06974639,0
21.39058254,0
31.53350107,0
19.44752511,0
49.95259865,0
46.87216658,0
21.84032967,0
47.32285182,0
42.2500209,0
23.30454042,0
42.17357802,0
34.25820153,0
23.39867684,0
19.3512965,0
28.21581611,0
25.12666557,0
26.60497317,0
47.04253395,0
20.28120719,0
46.27094121,0
41.95690033,0
28.69688283,0
38.63935817,0
21.53016792,0
31.68929041,0
34.76914542,0
50.60632372,0
36.97936525,0
28.70392727,0
19.15272279,0
29.8281801,0
17.9485067,0
25.63905928,0
26.8443615,0
42.57933771,0
20.95721513,0
22.57343211,0
34.2149605,0
53.03772242,0
26.52139307,0
25.60048806,0
36.46473673,0
23.71456434,0
28.78056993,0
35.7771839,0
47.84840929,0
33.87100788,0
27.39920841,0
30.54237719,0
30.22398497,0
39.6860633,0
24.57974539,0
53.81449619,0
33.06225775,0
24.86085616,0
34.21253096,0
27.47874559,0
54.98741711,0
36.67424164,0
33.01514804,0
21.90843009,0
37.29079675,0
38.94868419,0
35.7503492,0
57.9706763,0
42.43819035,0
30.34253165,0
23.32693872,0
28.63573009,0
28.23949257,0
20.67138429,0
24.66884156,0
25.19580788,0
36.53540562,0
50.25922903,0
30.43427616,0
34.43719637,0
15.56797181,0
21.23283796,0
23.75982303,0
22.53155228,0
33.4492623,0
27.37045772,0
36.98175869,0
48.47218311,0
48.05205511,0
28.98581548,0
26.13746029,0
57.00877125,0
30.96732736,0
26.79081558,0
28.83064355,0
37.18516042,0
25.28339376,0
29.24787626,0
43.56604182,0
35.35838253,0
27.32770171,0
28.49240601,0
27.72497067,0
24.59958609,0
39.44749683,0
38.55907353,0
29.0931287,0
27.84420667,0
22.43294598,0
37.76036158,0
44.78658003,0
47.51397345,0
36.04678412,0
25.90349985,0
34.88970224,0
37.94733192,0
47.65554401,0
31.01556423,0
29.8763692,0
48.51005336,0
48.30431053,0
36.01617725,0
36.38489413,0
43.28497562,0
48.62403577,0
37.65776125,0
31.948345,0
44.35416188,0
41.64691673,0
50.88488851,0
25.54727773,0
36.94695442,0
18.3196539,0
37.46825393,0
31.2770524,0
32.67034356,0
30.24952089,0
42.30711688,0
47.83646179,0
48.50773134,0
28.95293109,0
33.98813019,0
26.85147902,0
18.03840481,0
30.19359713,0
36.53308807,0
21.26069082,0
38.8865496,0
53.23532662,0
19.66066402,0
47.24934542,0
22.6163576,0
20.90679821,0
41.91095465,0
34.02484652,0
60.06358717,0
41.43656129,0
44.99868229,0
24.72250576,0
36.61102487,0
28.46176541,0
43.73608094,0
34.47765775,0
28.08230469,0
27.43011969,0
43.28972164,0
28.5538407,0
35.51386223,0
38.52178881,0
17.26669429,0
13.86695166,0
22.00858343,0
31.68753072,0
44.14748011,0
35.7912819,0
18.95384965,0
33.54101966,0
26.20260465,0
20.44910109,0
31.30495168,0
37.64306045,0
23.61179766,0
40.70626487,0
19.06209407,0
18.37735892,0
29.83286778,0
26.40532752,0
16.61453882,0
37.53664876,0
13.32579048,0
13.20448042,0
39.3192065,0
41.77319715,0
26.78314703,0
47.50773134,0
33.85590142,0
17.07977085,0
27.32508964,0
41.52934249,0
22.75189599,0
19.15992849,0
15.2354524,0
22.14765886,0
37.05259518,0
16.25918811,0
25.3035085,0
22.6281928,0
60.24779978,0
26.05785409,0
43.68416757,0
20.52918571,0
18.01740817,0
20.570401,0
17.19928342,0
21.30104616,0
19.5091803,0
31.6227766,0
15.01563954,0
17.07299476,0
24.31230605,0
24.75385721,0
23.87943972,0
15.83560639,0
11.4412788,0
18.76746257,0
35.00230036,0
21.41786865,0
15.87141926,0
16.51832719,0
21.31644806,0
15.70544117,0
35.22782991,0
19.86960793,0
21.91481316,0
22.00528279,0
30.37758663,0
25.14770395,0
12.73741079,0
22.94613914,0
17.58063768,0
21.0066782,0
32.09088694,0
40.08252605,0
23.11356345,0
9.631109983,0
10.99561622,0
12.64911064,0
21.01226651,0
50.48762225,0
20.24995556,0
36.13219885,0
37.85873694,0
41.34090309,0
15.01779793,0
19.78987993,0
13.48838387,0
30.59411708,0
27.63304444,0
28.60069929,0
14.66657085,0
28.6927675,0
25.22724457,0
34.67016348,0
11.18033989,0
50.15472141,0
23.38823293,0
19.96502449,0
48.83646179,0
38.59630119,0
22.13594362,0
20.91822327,0
15.1317207,0
17.37883188,0
26.18643525,0
44.70031847,0
26.57396418,0
15.13866902,0
13.61450622,0
33.39996777,0
13.78879373,0
48.66052135,0
24.39904759,0
16.19385286,0
17.95599764,0
11.29104707,0
22.20360331,0
52.39274759,0
20.61552813,0
32.04898033,0
17.82994623,0
53.73412805,0
15.8113883,0
30.35518415,0
17.31715633,0
18.25482913,0
24.62790286,0
12.32173609,0
14.53921186,0
40.97542387,0
29.60116658,0
19.44344521,0
10.19550852,0
28.0477468,0
23.19911804,0
24.30388849,0
39.11521443,0
13.81105253,0
13.01129341,0
59.00847397,0
30.69432566,0
49.36598019,0
50.56678752,0
29.27456234,0
53.19642495,0
12.95520465,0
24.88505219,0
44.77722635,0
26.11641606,0
16.51201879,0
40.40369175,0
21.16396255,0
22.67773147,0
16.41505747,0
12.59774068,0
17.26285866,0
33.02775638,0
29.44981604,0
48.41487375,0
28.53935922,0
29.60599517,0
11.79361591,0
39.05124838,0
22.21575869,0
19.81413863,0
22.10370637,0
16.07067291,0
30.11910802,0
24.05648257,0
28.9127137,0
33.58750211,0
29.57014272,0
41.70309077,0
44.54623361,0
47.25051658,0
27.11444188,0
39.67209935,0
,0
22.78715764,0
28.28427125,0
14.83545663,0
33.73681688,0
19.31822213,0
19.48591741,0
13.97489906,0
27.20294102,0
21.1896201,0
19.94977797,0
27.63422075,0
37.07886553,0
20.95603551,0
20.88061302,0
55.47071299,0
38.94868419,0
54.08326913,0
35.88607538,0
27.81402986,0
23.26520961,0
12.49943635,0
18.26252664,0
30.14962686,0
19.22748089,0
25.12034479,0
44.85101268,0
33.21173442,0
19.61927485,0
34.52224205,0
47.70744177,0
31.81601685,0
22.87992203,0
13.79787984,0
26.48043347,0
33.29528924,0
25.23885893,0
32.03156131,0
14.57756819,0
43.41658669,0
30.41381265,0
45.85099563,0
43.07453558,0
25.0353504,0
26.57158381,0
26.40263658,0
36.15347708,0
49.11985634,0
49.04444777,0
26.60706681,0
29.68985602,0
41.10454144,0
29.92775003,0
24.13677729,0
24.23518315,0
19.10280835,0
32.8361138,0
33.86547246,0
20.91783639,0
26.35589416,0
20.46974801,0
27.99870725,0
15.10459392,0
15.07654154,0
41.59326869,0
18.29372568,0
17.06162512,0
14.21256734,0
41.72529209,0
18.65717302,0
26.99536006,0
8.604027037,0
21.54497199,0
20.57685635,0
24.35767613,0
21.25657536,0
47.78742554,0
14.05754637,0
31.69683093,0
18.33894503,0
9.150875353,0
13.31504082,0
14.16437484,0
22.15308569,0
19.2686023,0
40.15165914,0
23.40939982,0
18.78112492,0
15.97353143,0
13.46611655,0
31.02063375,0
51.92301994,0
40.85339643,0
44.04543109,0
19.47226228,0
36.51670143,0
11.8883636,0
21.47091055,0
29.39798535,0
10.55793481,0
28.54163457,0
38.56008089,0
22.48195774,0
25.70992026,0
19.99969192,0
41.23105626,0
14.55128129,0
37.49721537,0
17.90240652,0
20.19068105,0
20.36063162,0
16.14502566,0
21.98103357,0
18.79525538,0
17.56571043,0
44.76650645,0
35.84689666,0
17.8718801,0
28.95167148,0
54.4242593,0
24.49509757,0
28.71035018,0
16.23687646,0
39.8246155,0
25.46805674,0
71.40028011,0
12.73769522,0
47.75981575,0
20.29259064,0
27.38108676,0
20.26526665,0
26.30589288,0
16.00864119,0
24.59674775,0
13.18058536,0
19.32900093,0
12.16031264,0
16.7124101,0
37.35085034,0
20.04922872,0
26.93304326,0
20.61731102,0
34.98554726,0
17.99163785,0
17.67695865,0
29.96905211,0
29.73213749,0
18.77243617,0
22.24152735,0
48.64095509,0
35.38305347,0
16.5815555,0
24.46483062,0
35.39114756,0
14.15050872,0
34.89558029,0
41.47621761,0
24.13976286,0
12.1969595,0
27.89265136,0
13.21331718,0
17.64512348,0
18.2374648,0
15.11214446,0
19.69369055,0
41,0
18.92562289,0
22.99940891,0
18.13658612,0
29.58248402,0
12.48830873,0
16.55688271,0
48.53083216,0
35.41954857,0
20.24065631,0
21.51225392,0
26.97727676,0
16.66037741,0
38.6637679,0
11.69719888,0
40.80874196,0
23.68951025,0
23.23935753,0
51.4781507,0
31.83807524,0
18.5140702,0
21.00421144,0
13.510286,0
23.08595076,0
33.15479109,0
31.07863695,0
15.58439213,0
31.70923615,0
33.75449043,0
17.21765534,0
38.60051813,0
17.75719316,0
28.59154721,0
36.0258032,0
24.25347687,0
26.28207965,0
25.19157686,0
19.89537685,0
29.2203717,0
17.94278504,0
43.0464865,0
19.92761241,0
28.70860786,0
21.48593999,0
16.26959918,0
25.05111002,0
26.67105832,0
35.4682957,0
13.77031598,0
35.12077014,0
17.07369021,0
16.98206107,0
28.22270572,0
18.58564818,0
24.88172277,0
11.91819369,0
15.08472788,0
30.22109,0
25.60276621,0
36.79673899,0
20.0949441,0
25.55893385,0
32.52610923,0
28.82901662,0
29.15475947,0
28.06888371,0
17.12133995,0
22.50781059,0
39.8246155,0
31.67799,0
45.39833497,0
28.64158542,0
44.53071687,0
12.97540078,0
15.66413904,0
43.01162634,0
60.81813204,0
17.11853881,0
21.84731932,0
12.00304851,0
16.27726546,0
33.01052393,0
33.13608305,0
53.78668085,0
34.33605711,0
34.99309738,0
23.26632122,0
49.21380384,0
20.84200307,0
75.60423269,0
14.68160688,0
24.04060178,0
29.82271794,0
21.63330765,0
55.02726597,0
22.51131693,0
42.29552291,0
63.86397323,0
33.91068258,0
21.57469459,0
28.99101443,0
41.17554174,0
91.58559698,0
53.86825001,0
24.11005834,0
42.18430019,0
35.7279395,0
23.34175436,0
13.57497725,0
14.0364917,0
26.07680962,0
39.68224074,0
29.56233219,0
22.30672141,0
29.42984869,0
42.54837211,0
22.20360331,0
31.38513976,0
14.83563412,0
33.73425559,0
21.15539833,0
47.14306639,0
50.52391642,0
27.52126697,0
31.14031736,0
38.11823711,0
35.06566963,0
26.0774853,0
45.04442252,0
5.024937811,0
53.49589115,0
32.43619019,0
33.87476735,0
63.35060217,0
37.95098046,0
43.68010296,0
20.09502311,0
34.78398607,0
31.90113696,0
14.28802736,0
26.76511115,0
13.7885521,0
27.28427125,0
27.76278978,0
25.01999201,0
29.81958421,0
11.507207,0
36.05551275,0
62.30293121,0
32.09658537,0
34.08001893,0
27.11803399,0
13.8673641,0
44.43298508,0
22.36593696,0
22.50095938,0
27.4655511,0
12.61712775,0
24.18677324,0
16.97084134,0
18.43908891,0
26.20294102,0
27.73266266,0
14.6004029,0
16.27903997,0
31.460624,0
39.92471075,0
43.96589587,0
18.78829423,0
33.05442824,0
11.33485303,0
33.28663395,0
19.19872399,0
15.64734406,0
36.24327239,0
20.56384436,0
32.62911827,0
28.16025568,0
42.10498221,0
35.12833614,0
20.14926192,0
33.32984837,0
80.98780397,0
15.08944596,0
35.12478374,0
36.48949239,0
34.10238027,0
23.76972865,0
70.46782201,0
24.71829985,0
31.144823,0
30.41381265,0
28.0713377,0
19.69513824,0
35.39951951,0
41.03175821,0
15.78603707,0
18.97942871,0
21.57908261,0
23.07395043,0
26.42523566,0
30.44913218,0
57.47786691,0
29.83286778,0
17.4244289,0
14.1813237,0
42.75511665,0
12.58260051,0
40.55472185,0
18.21422841,0
25.7548695,0
42.29327842,0
13.62273341,0
39.20459157,0
38.11664941,0
21.72785144,0
47.76243794,0
33.91116259,0
41.41460846,0
26.08967831,0
33.72445203,0
31.144823,0
79.51100553,0
17.47539384,0
31.5730938,0
58.68595978,0
24.26161147,0
30.52772049,0
17.2626765,0
45.16997951,0
37.75312173,0
34.525353,0
23.77645646,0
28.66079223,0
46.63331191,0
26.73061797,0
57.89235578,0
22.04536102,0
36.11124765,0
19,0
41.90411656,0
42.05948169,0
31.35332026,0
21.68717968,0
41.38377289,0
41.67140432,0
19.84969027,0
15.07262865,0
13.60782421,0
20.24841076,0
10.10705742,0
25.83609565,0
23.66053197,0
17.43542185,0
19.35529859,0
14.84230805,0
13.71537451,0
41.41985119,0
28.86173938,0
15.31681295,0
32.73413713,0
19.72547574,0
33.51390235,0
20.23749979,0
36.12478374,0
7.52371849,0
18.30187704,0
39.60329242,0
18.13983814,0
14.64953328,0
23.6434705,0
31.144823,0
25,0
67.42403132,0
22.27254772,0
28.86789842,0
41.50282205,0
34.9189054,0
14.29140767,0
17.96027389,0
29.15475947,0
17.66552506,0
21.8086407,0
32.22844874,0
22.59063054,0
32.48074111,0
41.96052263,0
44.456494,0
52.47917941,0
37.55748625,0
65.01712833,0
25.35460445,0
35.54379404,0
34.0147027,0
50.70707054,0
57.93739767,0
28.13495888,0
38.7951861,0
92.89241088,0
27.20294102,0
43.68065934,0
30.35081549,0
44.49354023,0
24.8069758,0
29.85722662,0
30.01666204,0
73.00684899,0
35.02398643,0
36.41640787,0
30.29666774,0
33.01514804,0
43.3180748,0
29.46434926,0
47.27007354,0
90.5816199,0
19.89179523,0
39.85618658,0
21.23806968,0
32.59034338,0
86.80929706,0
46.92543667,0
30.45486534,0
31.7376884,0
43.01162634,0
30.49341058,0
38.11745303,0
54.72065757,0
38.582538,0
52.47856705,0
17.4642492,0
31.81509659,0
24.92632089,0
24.64831849,0
42.07765467,0
23.78038236,0
21.75052161,0
32.80811752,0
36.65084766,0
29.24135215,0
21.55888525,0
78.64477096,0
27.32927118,0
19.95681261,0
24.59674775,0
45.02500569,0
17.54103204,0
23.08679276,0
98.51550449,0
83.15046602,0
11.55260498,0
83.95881355,0
50.70076387,0
32.66234537,0
24.7450421,0
33.66997689,0
40.58346125,0
42.10582267,0
30.70477212,0
56.08366206,0
23.96539788,0
24.51918368,0
29.42674248,0
47.80750823,0
19.67874518,0
52.53799575,0
53.24894402,0
42.76483255,0
64.42246393,0
31.72237072,0
27.57496697,0
90.13878189,0
66.69934013,0
36.0261078,0
56.5862174,0
28.26645946,0
46.21094188,0
16.1652902,0
32.61190762,0
12.14833484,0
58.85575588,0
48.34043104,0
26.7989678,0
78.1699506,0
36.66140473,0
24.37028662,0
27.1713242,0
37.18345012,0
13.63309644,0
24.71650273,0
74.67261881,0
32.17599413,0
58.28434885,0
53.91289857,0
86.37708029,0
39.73042965,0
58.29324057,0
35.19730144,0
52.6796458,0
24.33947584,0
45.51638904,0
16.55706173,0
39.17254254,0
34.5169669,0
39.32232121,0
27.78442362,0
26.68332813,0
27.88629872,0
34.69882454,0
61.6604412,0
63.14148686,0
28.24898122,0
18.6997268,0
34.31411272,0
36.04639782,0
31.75298637,0
43.30906268,0
33.19955057,0
51.85660947,0
44.2299557,0
28.75684148,0
45.1048568,0
13.81623327,0
31.32243879,0
27.99191917,0
28.38331087,0
13.81057382,0
27.98666083,0
59.78558226,0
25.44942636,0
31.46498922,0
25.85181211,0
55.54047238,0
22.44199627,0
33.05760722,0
28.16208981,0
67.74438467,0
36.58961054,0
28.28848677,0
34.33800271,0
35.56916871,0
62.45592233,0
22.3167929,0
36.5030011,0
37.10300354,0
15.8113883,0
67.76878935,0
23.47619569,0
35.74783662,0
32.27469895,0
50.29208593,0
38.47051178,0
76.55063684,0
68.89695671,0
22.13881898,0
33.88701821,0
48.1934955,0
7.676357806,0
71.02816343,0
41.81569953,0
76.99405696,0
98.81295462,0
68.62939827,0
44.8861324,0
29.93846183,0
36.95596489,0
40.89521882,0
36.67673665,0
37.80258163,0
45.80590062,0
16.86304115,0
63.0634601,0
37.24764591,0
30.38487817,0
25.05492105,0
42.52767855,0
40.04535679,0
37.31914178,0
35.56888172,0
14.50746106,0
43.66578595,0
31.1018971,0
43.3351035,0
25.48390112,0
31.37585359,0
13.60466521,0
47.23011034,0
53.49720509,0
42.31477586,0
23.35159132,0
44.36268927,0
51.48962962,0
43.65765964,0
29.62766755,0
36.28537147,0
44.31256162,0
55.86215187,0
58.05491755,0
34.35412483,0
52.69724851,0
54.81303253,0
95.90099061,0
40.88240706,0
18.56207062,0
74.00675645,0
33.14406665,0
58.68570171,0
69.83181815,0
56.39619214,0
43.68106394,0
64.41916744,0
31.10233027,0
87.46427842,0
72.43117626,0
43.32116643,0
34.366549,0
29.48430282,0
36.31432677,0
44.86364249,0
62.78327086,0
61.6070398,0
39.08160286,0
47.56895279,0
93.9368211,0
15.69382956,0
42.87261718,0
42.36424594,0
46.25711441,0
67.42403132,0
13.03840481,0
36.89584,0
58.21211212,0
38.42046013,0
38.48549307,0
25.71265462,0
36.5675711,0
23.02221126,0
56.22277119,0
30.22515275,0
37.21558813,0
41.11070521,0
45.04442252,0
35.30801273,0
99.28242543,0
30.1680295,0
40.22287856,0
22.81510448,0
76.04722786,0
63.53445604,0
94.70480452,0
49.61905152,0
33.5598601,0
28.14863472,0
33.61547263,0
12.66790913,0
20.1246118,0
67.02940541,0
55.69468824,0
24.7433689,0
32.44204914,0
68.44705983,0
51.00795504,0
33.58266697,0
25.33719067,0
33.47632377,0
54.43531006,0
42.07433897,0
57.66280623,0
13.74666389,0
37.6993498,0
44.92459444,0
25.27377374,0
54.77698855,0
48.31716367,0
32.4263102,0
20.2632779,0
34.6147041,0
44.60342629,0
41.66601897,0
39.98887643,0
67.65333832,0
51.4026645,0
18.14005311,0
37.42077549,0
43.9548955,0
39.57106162,0
52.17718817,0
57.62459093,0
12.52958455,0
69.71995034,0
64.00781202,0
27.87307878,0
36.7823224,0
43.10452412,0
39.37321425,0
79.15806971,0
12.99586409,0
26.01922366,0
36.00909426,0
24.05336095,0
50.33209287,0
43.08131846,0
59.07842268,0
27.63030672,0
21.9317122,0
50.75962342,0
43.51333096,0
36.09950009,0
62.77750399,0
45.64719588,0
41.65487538,0
61.29506192,0
47.53166514,0
70.11419257,0
30.25375479,0
53.03626298,0
80.85963596,0
85.83134887,0
86.27861844,0
40.13300052,0
42.25059194,0
20.85190446,0
39.65949655,0
46.17358552,0
64.20212161,0
54.3958235,0
43.24983718,0
75.8827223,0
29.71178723,0
29.3426598,0
25.90172911,0
84.79992961,0
53.98052338,0
86.97700846,0
73.0229693,0
65.74191966,0
74.90730018,0
47.67598976,0
22.81037987,0
52.22916249,0
44.03110938,0
48.44237244,0
57.9597684,0
15.44446618,0
88.85180169,0
25.94333323,0
90.82400564,0
23.42086999,0
51.9649153,0
37.69164852,0
36.10806686,0
32.53634595,0
80.99382693,0
55.91307194,0
57.62973925,0
59.18480482,0
34.07994541,0
30.52037427,0
27.38898133,0
41.5144154,0
52.03844733,0
55.00909016,0
33.13748454,0
29.51920241,0
40.57637182,0
36.22428793,0
11.20156212,0
22.0198629,0
17.91013599,0
16.98079924,0
27.62518457,0
61.23304199,0
31.30924372,0
33.10928762,0
56.60388679,0
49.66653999,0
36.69023572,0
56.08914352,0
35.06503301,0
31.14578484,0
32.25220324,0
77.32258819,0
49.58076635,0
51.33163921,0
19.73230557,0
31.45287304,0
55.22680509,0
8.078792517,0
43.9223605,0
22.58002083,0
85.1029961,0
46.2604986,0
38.30230669,0
38.11823711,0
16.68872533,0
52.5526632,0
24.83163095,0
37.37902108,0
10.78960862,0
63.31433568,0
45.90081354,0
67.66037159,0
47.67996902,0
22.97523255,0
38.46967004,0
33.4016667,0
46.5188134,0
30.26057075,0
20.88152731,0
30.17957685,0
54.24605403,0
23.65437569,0
30.49156328,0
29.45361739,0
17.88526629,0
46.24449563,0
38.08482134,0
28.48858991,0
29.6465739,0
83.57058431,0
26.4498188,0
33.70301639,0
33.24154028,0
42.46012594,0
33.05745035,0
46.5860356,0
31.84005624,0
34.93730384,0
37.1331858,0
47.85546651,0
78.3828643,0
26.47640459,0
91.66757579,0
30.85570117,0
34.36112759,0
29.47111008,0
23.23566009,0
45.64037755,0
62.39912849,0
26.24043491,0
40.98831935,0
45.98819143,0
42.53028123,0
42.41467114,0
36.57378937,0
59.00847397,0
25.90829387,0
77.09039978,0
35.59891733,0
40.28239905,0
92.66465031,0
24.5391688,0
19.77161818,0
56.14992886,0
49.52756353,0
52.48934676,0
85.45237343,0
43.88084052,0
33.00919503,0
41.44681516,0
87.08370599,0
50.80058804,0
44.28317965,0
34.92156571,0
28.2943332,0
32.70139251,0
34.06762285,0
81.15417426,0
45.25610288,0
51.80404138,0
49.53906321,0
47.97672388,0
27.76269933,0
58.35426403,0
61.70105547,0
45.07910751,0
62.70223737,0
38.77339739,0
45.46296489,0
58.07205974,0
44.29727813,0
32.38944296,0
54.20813935,0
47.87173595,0
39.07655844,0
32.38826948,0
85.03487201,0
50.86625114,0
58.32498472,0
51.68526235,0
101.3122733,0
38.76991822,0
96.95573786,0
48.28180534,0
41.60968128,0
45.26730658,0
94.90190078,0
45.0222061,0
51.78549254,0
70.47690634,0
45.77785389,0
32.90685366,0
92.47702417,0
46.80166001,0
70.64122615,0
33.88129282,0
33.84277154,0
34.62862912,0
60.6052803,0
17.85563197,0
63.74046854,0
