curvature,strokewidth,density,x,y,w,h,distance,class
0.389582308,46.49752125,104.625,,,,,,1
0.366253436,53.09530632,154.5585938,,,,,,1
0.072610105,71.3242268,59.47265625,0,0,93,105,0,1
0.000189141,47.1009554,25.03125,0,0,70,89,0,1
0.296046497,66.02920468,68.140625,162,0,14,94,4,1
0.412435122,60.9491708,78.4921875,0,0,113,102,0,1
0.16569662,53.4157993,158.078125,38,0,33,111,23,1
0.038829645,31.76325571,8.56640625,0,0,49,43,0,1
0.360494442,47.51576077,117.140625,138,0,37,67,35,1
0.321798007,46.07122771,50.63671875,0,0,41,47,40,1
0.165638507,42.58776382,57.234375,117,0,43,72,2,1
0.100660833,28.93060418,70.05078125,,,,,,1
0.003542428,29.71915208,35.359375,,,,,,1
0.013173121,43.73153221,53.4921875,122,0,43,63,19,1
0.271226822,47.19177261,74.6796875,0,0,50,121,0,1
0.005291406,57.16690379,80.4296875,0,0,89,104,41,1
0.169121135,64.44348323,195.25,0,0,41,95,47,1
0.269118522,50.8785897,120.9375,,,,,,1
0.08203646,44.8426811,59.87109375,,,,,,1
0.157734337,38.97385688,1028.765625,,,,,,1
0.241470589,63.11730573,250.6875,66,0,6,68,123,1
0.087196814,57.72569146,103.6445313,0,0,39,89,80,1
0.17404655,70.77942133,166.03125,0,0,74,113,25,1
0.242185999,56.34782294,264.046875,,,,,,1
0.342417002,51.66686757,204.7617188,50,0,15,94,79,1
0.002452315,121.7456559,25.828125,0,0,56,114,0,1
0.100843768,52.67874029,42.6015625,0,0,47,82,0,1
0.003694005,66.73887594,85.78125,66,0,5,43,140,1
0.000494037,117.1497108,21.66796875,0,0,41,128,1,1
0.040236558,89.41582593,25.390625,0,0,48,130,0,1
0.00340861,77.82903088,141.7109375,59,0,8,87,100,1
0.256256288,46.0475575,155.7226563,168,0,6,37,82,1
0.111845136,63.41445456,202.3515625,9,0,55,96,22,1
0.238517972,52.70850483,81.76953125,,,,,,1
0.122164298,57.95824023,167.9414063,0,0,60,153,0,1
0.272009927,56.63643249,37.609375,0,0,81,116,0,1
0.123107527,40.01721985,195.46875,184,0,39,136,3,1
0.224317013,54.31470899,100.1992188,93,0,39,105,8,1
0.076220775,63.69577776,94.5,155,0,59,94,18,1
0.102492703,62.66179955,79.109375,111,0,53,106,16,1
0.016769813,60.52256624,27.34375,0,0,68,100,0,1
0.003485285,25.24113924,13.3671875,,,,,,1
0.006223051,42.45452721,9.76953125,0,0,39,61,0,1
0.239056918,40.7876337,32.64453125,96,0,39,59,2,1
0.360907885,37.71669007,19.12890625,40,0,41,59,0,1
0.002747845,44.98325976,10.15625,34,0,14,52,0,1
0.316795237,26.77787512,45.53125,153,0,33,49,13,1
0.369560382,26.91393512,19.1953125,,,,,,1
0.489080959,25.93897327,8.48828125,0,0,39,53,0,1
0.237259269,49.14412457,32.90625,0,0,55,72,0,1
0.44842406,41.09957707,30.28125,0,0,55,76,0,1
0.182046151,33.08265042,55.09765625,,,,,,1
0.164522392,41.87359722,27.71484375,32,0,32,55,0,1
0.499955041,31.91997011,33.3046875,,,,,,1
0.000871295,44.38282355,10.75,0,0,41,64,0,1
0.107562754,26.6603319,34.58984375,,,,,,1
0.386059262,38.96653399,36.0546875,,,,,,1
0.002575658,50.3129203,28.41796875,,,,,,1
0.205191849,36.68269986,53.515625,,,,,,1
0.007918543,41.96776189,13.078125,54,0,37,36,0,1
0.194324222,31.46908155,12.94921875,54,0,9,43,8,1
0.432365143,28.42380762,31.0078125,,,,,,1
0.370949955,28.72311561,35.21875,85,0,97,46,3,1
0.303939967,40.36066905,11.7578125,0,0,41,70,0,1
0.454667445,31.11197992,22.84375,51,0,33,51,17,1
0.005211178,39.40525622,20.5078125,47,0,26,53,17,1
0.003833919,45.23328815,20.5,0,0,43,57,7,1
0.350752854,47.78966595,23.203125,0,0,88,66,0,1
0.323769026,46.67046946,35.8359375,98,0,39,63,3,1
0.371593466,44.52680742,25.9140625,46,0,37,52,10,1
0.415999104,41.76607753,39.5,101,0,55,63,1,1
0.222560234,70.66205981,48.7109375,0,0,143,86,0,1
0.25761466,33.35593695,58.390625,,,,,,1
0.031595768,31.4424211,33,53,0,27,42,6,1
0.145675675,61.63084779,32.8125,0,0,58,79,61,1
0.000683105,40.46318782,17.47265625,0,0,61,71,0,1
0.335587892,56.82582716,20.1171875,0,0,48,103,0,1
0.417516871,36.46306276,31.9921875,72,0,31,60,18,1
0.004182677,48.70547578,13.58984375,0,0,47,71,0,1
0.302215851,41.99513274,58.9375,,,,,,1
0.339955025,28.41960554,74.9609375,174,0,26,57,38,1
0.061182151,35.38782726,36.65625,0,0,39,50,1,1
0.003574066,52.70522095,29.2578125,0,0,52,70,0,1
0.005895743,31.71678449,18.26171875,35,0,48,46,9,1
0.003066909,30.31412815,10.15625,0,0,50,50,0,1
0.164372492,45.43991816,45.1640625,0,0,57,82,0,1
0.209998999,36.6216329,75.19921875,,,,,,1
0.253741254,39.24702453,73.125,151,0,55,64,26,1
0.008724352,36.23581669,12.55078125,14,0,47,51,0,1
0.327176722,29.22146276,83.203125,208,0,48,68,3,1
0.401698341,40.00787212,146.8125,328,0,18,54,54,1
0.314195119,41.80014538,126.1210938,24,0,10,7,76,1
0.326877555,49.32296996,103.3203125,0,0,65,115,0,1
0.240878308,28.07560867,40.734375,116,0,40,58,8,1
0.002673188,49.90274666,68.25390625,119,0,52,85,16,1
0.00637459,29.45431431,8.96484375,0,0,49,45,0,1
0.10655324,28.90942564,102.09375,,,,,,1
0.537871559,8.359883285,70.875,,,,,,1
0.492634813,11.752529,156.40625,,,,,,1
0.104718966,20.45594419,68.859375,,,,,,1
0.172487087,10.53908682,93.328125,,,,,,1
0.250378914,15.46562103,82.8125,,,,,,1
0.264853117,15.3613301,109.8632813,,,,,,1
0.287849124,23.51128234,230.9570313,,,,,,1
0.374900666,12.97897656,123.8359375,,,,,,1
0.144287455,25.50612193,25.83984375,,,,,,1
0.269220002,15.85196351,59.125,,,,,,1
0.12785816,12.38115838,192.2109375,,,,,,1
0.296600618,15.05990941,127.6171875,,,,,,1
0.012622546,42.73197481,16.96484375,0,0,41,101,0,1
0.300398197,20.36648412,219.375,,,,,,1
0.234406175,24.26095436,104.609375,,,,,,1
0.022012649,42.35394864,55.6171875,,,,,,1
0.263922285,18.85629771,262.3359375,,,,,,1
0.217609244,20.66626611,97.84375,,,,,,1
0.259456353,12.07761645,193.5351563,,,,,,1
0.046300993,23.8152283,20.51953125,0,0,29,33,70,1
0.252216176,18.83308886,112.625,,,,,,1
0.128175948,17.18158913,372.875,,,,,,1
0.319128616,17.69604331,69.5625,,,,,,1
0.010821637,45.31220452,10.140625,0,0,42,59,0,1
0.459708439,12.84532115,267.6328125,,,,,,1
0.218732507,29.86991885,203.6640625,,,,,,1
0.356293333,15.4974047,144.375,,,,,,1
0.314301832,12.48519527,152.2148438,,,,,,1
0.191873586,29.48031642,13.7734375,,,,,,1
0.490630281,13.72727293,206.71875,,,,,,1
0.417497607,16.26762276,537.625,,,,,,1
0.171102982,23.26302037,268.046875,,,,,,1
0.20499482,50.27426799,159.7148438,,,,,,1
0.095894791,38.73394268,110.3320313,0,0,49,72,33,1
0.294598731,22.0596914,101.0820313,,,,,,1
0.320503659,24.07683866,196.4023438,,,,,,1
0.438778206,19.13104471,203.71875,,,,,,1
0.228412607,21.9389012,343.8398438,,,,,,1
0.558663988,21.77072818,16.2265625,,,,,,1
0.150513833,23.71860473,7.265625,,,,,,1
0.119081785,28.99891628,333.921875,,,,,,1
0.270689639,27.25330875,422.9375,,,,,,1
0.107430748,28.93342141,38.2578125,,,,,,1
0.075419375,32.23265129,106.3476563,,,,,,1
0.152926742,51.17998022,84.6015625,,,,,,1
0.004570345,44.45692693,24.609375,0,0,48,126,0,1
0.207568641,19.26887317,287,,,,,,1
0.270394468,19.63895128,324.796875,,,,,,1
0.159356618,29.91400444,155.1171875,,,,,,1
0.400264631,18.98815426,106.640625,,,,,,1
0.192689953,16.03703943,50.015625,,,,,,1
0.191995999,15.79727245,87.7265625,,,,,,1
0.218705141,15.91248953,257.3398438,,,,,,1
0.010343675,10.35873997,18.04296875,,,,,,1
0.053755784,5.866340966,8.3828125,0,0,11,17,12,1
0.004455029,11.15515827,22.546875,39,0,18,34,5,1
0.007219278,8.709640679,15.85546875,,,,,,1
0.004385713,11.65426737,23.375,0,0,14,26,18,1
0.010357789,7.902614447,13.8046875,26,0,17,29,9,1
0.018301987,9.936104622,10.5703125,0,0,17,23,10,1
0.013265912,8.138473579,7.75,,,,,,1
0.00707536,5.110361936,4.671875,,,,,,1
0.036833808,6.710015509,11.23046875,12,0,19,24,1,1
0.077149493,10.3956313,36.09375,5,0,138,29,4,1
0.03952077,12.26258732,143.78125,,,,,,1
0.043195622,11.73351702,51.828125,,,,,,1
0.058147858,12.5704927,33.76953125,,,,,,1
0.051931705,10.82517967,32.8046875,,,,,,1
0.093289161,11.49484599,63.234375,,,,,,1
0.045389411,11.34653531,30.28125,,,,,,1
0.060452074,19.63139559,81.046875,,,,,,1
0.02789466,11.95982369,34.734375,,,,,,1
0.055313477,13.74770486,28.9453125,,,,,,1
0.047783127,9.374632787,28.9453125,,,,,,1
0.015644522,11.77719178,18.5,,,,,,1
0.061111323,13.38965702,22.65625,0,0,112,29,0,1
0.043858565,13.07836056,15.44921875,,,,,,1
0.071596058,9.112425479,31.796875,,,,,,1
0.03949841,9.704478305,32.65625,,,,,,1
0.036168587,11.26954696,26.859375,,,,,,1
0.053452767,10.74295963,32.08203125,,,,,,1
0.062569803,10.15129572,19.14453125,,,,,,1
0.007194541,9.111226166,18.69140625,,,,,,1
0.066872203,10.17279443,22.3828125,,,,,,1
0.033227247,6.776805843,6.2890625,,,,,,1
0.072540091,7.427771053,5.30078125,,,,,,1
0.025173862,5.777104659,5.58984375,,,,,,1
0.087469812,6.293999117,7.21875,,,,,,1
0.039348247,7.093287831,113.203125,,,,,,1
0.045767312,6.494990225,37.5546875,,,,,,1
0.01666931,5.758208705,9.5390625,,,,,,1
0.003194472,6.19763125,7.421875,,,,,,1
0.014392126,5.536043685,8.015625,,,,,,1
0.026068249,10.34871789,13.921875,,,,,,1
0.050257883,6.313444917,17.0859375,0,0,162,27,0,1
0.027305884,11.73015052,18.3515625,,,,,,1
0.008012635,9.190146811,15.1875,,,,,,1
0.004415069,6.461217757,12.203125,0,0,10,19,3,1
0.004695621,7.270023967,9.7265625,27,0,13,19,11,1
0.001156159,7.335674726,4.125,,,,,,1
0.037398409,8.128933932,9.765625,,,,,,1
0.007343755,8.030527156,9.5234375,,,,,,1
0.009833672,6.572617646,8.765625,0,0,9,17,5,1
0.007564022,8.366996264,10.828125,49,0,15,22,0,1
0.035070175,9.095813394,8.078125,49,0,15,22,0,1
0.007997504,6.893896059,8.1640625,,,,,,1
0.047118065,6.505069926,7.4765625,,,,,,1
0.050162191,5.995166452,7.421875,27,0,7,17,8,1
0.041726797,10.63156746,221.71875,,,,,,1
0.032687785,10.07645404,20.46484375,,,,,,1
0.069464995,10.09493764,16.50390625,0,0,169,25,0,1
0.035815102,9.115864525,19.14453125,,,,,,1
0.046194488,7.253427097,23.10546875,,,,,,1
0.05833729,7.53082665,17.1640625,,,,,,1
0.061344719,8.684000306,17.82421875,,,,,,1
0.055349224,12.96067753,12.4609375,0,0,108,29,0,1
0.05061945,16.28265854,11.23046875,,,,,,1
0.025932621,10.54078325,13.40625,0,0,156,22,0,1
0.010988984,11.60844281,17.671875,0,0,156,29,0,1
0.003223094,7.921625112,16.6640625,0,0,158,27,0,1
0.291569198,9.121275059,15.36328125,,,,,,1
0.097494949,4.799127853,6.31640625,,,,,,1
0.084290195,17.44672567,20.671875,,,,,,1
0.078200508,7.868799623,6.23046875,,,,,,1
0.028901811,13.73600792,7.7265625,,,,,,1
0.006355508,53.07420853,13.609375,0,0,65,52,0,1
0.191922953,8.693632024,5.15625,,,,,,1
0.239873456,12.62326264,15.234375,,,,,,1
0.057855631,12.16968334,14.82421875,,,,,,1
0.317031049,4.071216412,5.4140625,,,,,,1
0.150606982,30.12441883,52.2890625,,,,,,1
0.045721644,23.29335258,136.0273438,,,,,,1
0.012307667,20.95197681,9.84375,,,,,,1
0.096545381,12.51662782,35.79296875,,,,,,1
0.010353922,24.18234518,9.546875,,,,,,1
0.213973057,32.16213365,20.78125,,,,,,1
0.046580069,13.24694134,13.0078125,,,,,,1
0.050706119,18.73713942,13.7109375,0,0,32,59,19,1
0.010043843,36.1592416,18.328125,,,,,,1
0.050218486,15.85519497,36.38671875,,,,,,1
0.125880831,8.13418609,31.0625,,,,,,1
0.014210619,7.134782491,5.4453125,,,,,,1
0.122501502,6.038602402,14.75,,,,,,1
0.101583162,13.92597445,4.64453125,0,0,39,29,0,1
0.007253814,26.41540109,7.7265625,,,,,,1
0.032443283,10.94259586,13.97265625,,,,,,1
0.027510267,10.17109089,16.7109375,,,,,,1
0.163620262,13.83978344,20.859375,,,,,,1
0.258051127,11.78034204,15.44140625,42,0,15,7,60,1
0.254394154,4.899577558,6.34375,,,,,,1
0.083318803,3.859285646,5.2734375,,,,,,1
0.118598897,5.923570405,8.63671875,,,,,,1
0.249400372,3.643532063,18.45703125,,,,,,1
0.206666087,8.066785542,9.546875,,,,,,1
0.025461,14.28036465,67.78125,,,,,,1
0.103168138,8.072548775,5.4140625,,,,,,1
0.275855829,6.968171571,197.3125,,,,,,1
0.010810974,21.81003664,16.59375,,,,,,1
0.005281555,30.25716555,13.78125,31,0,30,56,0,1
0.02054056,22.127417,4.58984375,,,,,,1
0.268040403,7.725100289,206.1601563,,,,,,1
0.302444907,7.461274349,43.5,,,,,,1
0.285714598,4.762224673,6.890625,,,,,,1
0.28656387,8.872354906,2394.335938,,,,,,1
0.358226725,3.145220295,10.6015625,,,,,,1
0.283965759,5.857405104,8.8515625,,,,,,1
0.246797491,5.354118303,32.171875,,,,,,1
0.245481956,4.661020588,178,,,,,,1
0.126144603,6.386986873,8.0859375,,,,,,1
0.142180188,13.6441673,277.75,,,,,,1
0.052596174,3.750981717,4.0390625,,,,,,1
0.357678079,49.17229673,25.59375,0,0,70,91,0,1
0.004676638,61.33711313,18.6328125,0,0,43,106,0,1
0.226216741,34.96419038,21.97265625,,,,,,1
0.002141728,66.37572275,25.703125,11,0,81,70,0,1
0.147590808,8.910994641,11.484375,,,,,,1
0.100814161,22.76874089,112.578125,,,,,,1
0.00453725,42.24249379,12.67578125,0,0,39,59,0,1
0.175273072,10.09543235,76.953125,,,,,,1
0.019270283,52.31647385,153.3671875,,,,,,1
0.104233317,12.97375092,8.16796875,,,,,,1
0.224936598,13.92186533,140.625,,,,,,1
0.113570505,14.39929164,128.9726563,,,,,,1
0.135462622,18.5132332,36.75,0,0,12,80,18,1
0.156021534,19.76040216,92.98828125,,,,,,1
0.111544298,34.91630082,86.37890625,,,,,,1
0.537483043,17.06185699,14.78125,,,,,,1
0.120506825,16.44580046,85.2734375,,,,,,1
0.17232063,26.6059197,165.4765625,,,,,,1
0.130882935,19.52571784,105.0546875,,,,,,1
0.285898052,55.25608155,19.16015625,0,0,43,109,0,1
0.231105613,40.19177521,86.42578125,0,1,46,60,64,1
0.11119727,33.19184439,61.6015625,,,,,,1
0.03521609,21.45272279,57.3359375,,,,,,1
0.069871151,16.5079345,101.03125,,,,,,1
0.236134807,50.03893578,79.19140625,73,0,74,65,32,1
0.274516607,33.81739527,18.703125,,,,,,1
0.011518806,58.17162767,29.109375,0,0,79,92,0,1
0.525257594,21.67150934,9.25,,,,,,1
0.137477317,14.46516266,46.40625,,,,,,1
0.040869842,14.81869326,6.4453125,3,0,10,17,13,1
0.202139717,32.75041668,28.3359375,0,0,38,58,4,1
0.002638822,54.20037878,15.6328125,0,0,56,69,0,1
0.002864693,50.21784357,48.09375,0,0,65,70,11,1
0.104973032,13.77431257,61.5234375,,,,,,1
0.330375452,8.396298821,20.4609375,,,,,,1
0.110546014,34.27056339,26.3984375,,,,,,1
0.003092011,62.72218352,22.37109375,0,0,67,83,0,1
0.010919485,47.39799555,39.6015625,0,0,53,69,5,1
0.010323366,22.73519262,13.88671875,0,1,25,32,46,1
0.168263315,15.46335674,27.1796875,,,,,,1
0.020635525,37.41866717,21.43359375,,,,,,1
0.126748609,28.64106326,302.8125,,,,,,1
0.047278005,27.96117316,6.53125,,,,,,1
0.177231507,33.30966209,39.75,,,,,,1
0.132540598,8.508256513,4.484375,,,,,,1
0.174294259,30.357726,12.62890625,,,,,,1
0.207942136,15.20733399,171.2773438,,,,,,1
0.00327741,101.1213934,24.96484375,0,0,75,83,0,1
0.148046602,18.83275629,121.484375,,,,,,1
0.130167717,17.96003249,47.2265625,,,,,,1
0.005795435,70.4161791,26.4140625,0,0,96,69,0,1
0.204198395,46.59744668,17.3828125,,,,,,1
0.214176588,38.79433365,89.03125,4,0,7,6,82,1
0.222979109,11.38802361,24.25,,,,,,1
0.219481902,14.702227,122.0273438,,,,,,1
0.170293468,16.31544759,236.5,,,,,,1
0.001729354,33.56686149,19.1953125,,,,,,1
0.251119294,14.92588541,99.75,,,,,,1
0.147924373,17.8849345,95.29296875,,,,,,1
0.224656923,11.47618338,133.8476563,,,,,,1
0.272015762,23.8843133,105.890625,,,,,,1
0.168915081,24.44271286,108.203125,,,,,,1
0.006534207,22.55719054,26.8125,,,,,,1
0.34849116,12.53536208,42.3984375,,,,,,1
0.162480348,11.6855822,42.4375,,,,,,1
0.080565527,14.22718004,32.40234375,,,,,,1
0.212882832,39.88947001,112.4882813,,,,,,1
0.220053464,40.8482364,25.3125,0,0,70,90,0,1
0.203226508,23.65960614,734.921875,,,,,,1
0.260410819,15.64547468,157,,,,,,1
0.172357981,21.83414719,80.8515625,,,,,,1
0.01804953,25.86298704,17.9296875,,,,,,1
0.112807726,38.45957933,114.5234375,,,,,,1
0.234176197,24.55374106,78.50390625,,,,,,1
0.387939105,12.37826187,10.875,0,0,41,21,11,1
0.203712096,36.75592272,67.921875,50,0,62,61,31,1
0.485547192,8.916397372,78.30078125,,,,,,1
0.309755805,25.97562691,165.375,,,,,,1
0.260487592,34.43935376,13.546875,0,0,49,68,0,1
0.182357196,33.21589254,156.6875,,,,,,1
0.077023827,29.66339578,121.875,,,,,,1
0.241430002,28.39282366,16.76953125,0,0,51,81,0,1
0.005841214,43.13488226,19.13671875,0,0,69,69,0,1
0.222714265,35.76826874,431.6171875,,,,,,1
0.211465665,13.48820544,161.3671875,,,,,,1
0.209587498,24.44993612,219,,,,,,1
0.004179286,55.83698474,22.8515625,0,0,88,65,0,1
0.056506436,22.81880506,39.65625,,,,,,1
0.214039067,14.23910572,61.0234375,,,,,,1
0.080746628,10.19014572,20.5234375,,,,,,1
0.099762982,27.82292952,23.10546875,,,,,,1
0.068697616,19.51090463,28.84375,,,,,,1
0.137994009,15.36102157,36.8671875,,,,,,1
0.095913904,26.69617209,18.046875,,,,,,1
0.117991302,24.80632309,14.90625,,,,,,1
0.24956352,4.724156044,10.2421875,,,,,,1
0.049077921,8.220817672,8.328125,,,,,,1
0.159354626,11.56509572,121.078125,,,,,,1
0.208718891,12.69546648,523.25,,,,,,1
0.237816782,7.134604005,6.5625,,,,,,1
0.184687421,5.28339688,19.96875,,,,,,1
0.181747083,7.635026073,15.25,,,,,,1
0.150245682,10.60834971,15.140625,,,,,,1
0.045191652,12.22563637,14.625,,,,,,1
0.265444219,7.221359734,43.83984375,,,,,,1
0.122836723,10.42558697,45.9375,,,,,,1
0.219856158,24.70334871,19.890625,,,,,,1
0.135984782,23.91291632,17.28125,,,,,,1
0.19611781,6.078492546,21.296875,,,,,,1
0.071902713,14.34182509,25.25,,,,,,1
0.140386698,24.26850548,32.9375,,,,,,1
0.064691271,11.59536257,18.2578125,,,,,,1
0.364937106,15.03155049,152.1679688,,,,,,1
0.054020997,16.96246891,22.171875,,,,,,1
0.006158467,34.8044515,12.90625,,,,,,1
0.139414676,11.92643319,46.59375,,,,,,1
0.097784641,23.92882672,23.640625,,,,,,1
0.282622862,13.39325016,77.625,,,,,,1
0.119975323,28.68674589,94.4609375,,,,,,1
0.17943955,11.36933198,41.6875,,,,,,1
0.274465072,25.51234767,303.4492188,,,,,,1
0.215762901,14.29210604,127.71875,,,,,,1
0.036438579,28.5978512,73.125,,,,,,1
0.351890975,6.065884277,89.578125,,,,,,1
0.154988057,6.845061573,20.109375,,,,,,1
0.126968702,10.82164864,42.65625,,,,,,1
0.024842195,24.12032508,30.80078125,0,1,81,94,0,1
0.223610494,12.15392391,11.05078125,,,,,,1
0.236858457,14.87171791,143.609375,,,,,,1
0.199347072,8.575099316,10.55859375,,,,,,1
0.113561914,11.45313918,90.1796875,,,,,,1
0.187210604,6.745082319,15.53125,,,,,,1
0.002429744,13.23332195,6.90234375,,,,,,1
0.021062879,12.42106073,3.609375,,,,,,1
0.160251318,10.234505,45.046875,,,,,,1
0.143830535,17.45219178,60.328125,,,,,,1
0.199982408,13.49881298,106.8203125,,,,,,1
0.232157974,13.27039752,45.33984375,,,,,,1
0.292882403,7.254175512,15.734375,,,,,,1
0.043592403,31.4533755,35.625,,,,,,1
0.142992826,7.058265686,11.8671875,,,,,,1
0.277267434,10.83746954,134,,,,,,1
0.315271951,13.08332712,262.5117188,,,,,,1
0.035161568,7.206808716,6.640625,,,,,,1
0.194414297,39.71321836,81.37890625,0,0,33,46,37,1
0.304060732,22.30163915,21.6640625,,,,,,1
0.192191091,31.98160524,28.25,0,0,33,45,19,1
0.38737033,30.21692919,25.0078125,38,0,27,49,17,1
0.004487898,30.28360054,13.60546875,0,0,37,42,1,1
0.002157239,27.91019046,14.015625,0,0,10,33,13,1
0.032809476,23.22220741,12.9609375,0,0,43,33,9,1
0.090281986,29.27247672,30.65625,0,0,45,48,24,1
0.08747309,32.8972533,47.7265625,,,,,,1
0.264321801,29.02400551,158.078125,,,,,,1
0.169751817,31.37842619,145.25,,,,,,1
0.301466181,17.42884917,47.109375,,,,,,1
0.186171169,31.03736897,49.5703125,31,0,36,66,28,1
0.170501961,19.61122924,45.8671875,0,0,34,43,14,1
0.178367997,39.96746354,183.015625,,,,,,1
0.392595802,23.8235329,27.45703125,0,0,21,42,29,1
0.287228036,22.2400348,42.41015625,,,,,,1
0.138771312,24.00540464,67.91015625,,,,,,1
0.207319542,20.08986995,85.26953125,,,,,,1
0.274429825,19.93829843,105,,,,,,1
0.326304916,26.39879466,58.5703125,21,0,71,49,0,1
0.19382141,15.92151044,26.90625,,,,,,1
0.122421927,16.99485223,14.84375,47,0,51,24,14,1
0.037858823,25.33091477,28,,,,,,1
0.023449651,17.90999044,21.515625,,,,,,1
0.198168751,19.6968674,11.05078125,,,,,,1
0.01381383,30.86250862,14.765625,,,,,,1
0.103104834,24.02469054,26.15625,,,,,,1
0.027097552,18.36942129,11.80078125,24,0,27,43,14,1
0.156131495,24.26079531,30.19140625,,,,,,1
0.35612027,20.08622441,76.171875,,,,,,1
0.184730533,33.53210396,23.8359375,0,0,27,54,0,1
0.007634761,21.20262744,26.625,64,0,30,48,0,1
0.131026112,22.6021034,40.87890625,,,,,,1
0.332110936,19.93926993,34.33984375,,,,,,1
0.265750151,18.15174543,34.7890625,,,,,,1
0.226710922,21.83690299,93.515625,,,,,,1
0.132944543,20.09388823,25.09375,0,0,19,44,0,1
0.06173066,19.88524575,51.828125,,,,,,1
0.064826857,23.9312882,45.71875,,,,,,1
0.009344562,26.90804406,31.8828125,,,,,,1
0.446604731,27.44755466,26.296875,0,0,28,51,0,1
0.056565902,21.09674907,33.140625,37,0,25,20,64,1
0.05723273,41.62784405,24.08203125,0,0,30,45,0,1
0.321471211,27.43485255,15.421875,0,0,26,42,5,1
0.096611026,25.45831264,19.125,30,0,22,51,0,1
0.314292666,25.40862338,29.0390625,,,,,,1
0.164557522,19.52129501,14.6875,0,0,24,45,2,1
0.012611596,29.57974947,12.9375,56,0,34,36,0,1
0.099534406,40.24028506,26.3671875,,,,,,1
0.154120371,27.2414622,27.87890625,,,,,,1
0.09341878,20.84865117,46.23828125,,,,,,1
0.009498247,34.33290783,26.8125,,,,,,1
0.17008234,22.10987433,70.28125,,,,,,1
0.143619755,21.27071274,43.41796875,,,,,,1
0.376545664,25.73390031,11.05078125,0,0,5,35,6,1
0.063225047,20.48497351,16.9921875,,,,,,1
0.293572906,27.91876226,349.375,,,,,,1
0.213414937,22.43608023,967.4375,,,,,,1
0.100042406,18.75681472,24,,,,,,1
0.253127216,27.23203825,42.63671875,0,0,48,45,14,1
0.337177402,28.56735776,16.36328125,0,0,69,59,0,1
0.237709813,30.47590793,269.53125,,,,,,1
0.220991816,26.83301318,372.2265625,,,,,,1
0.23540675,19.25843288,90.234375,,,,,,1
0.160927997,30.0937875,13.125,0,0,35,39,1,1
0.306883482,17.0369435,25.765625,,,,,,1
0.416958614,19.69549577,69.359375,0,0,34,46,0,1
0.189420261,24.619325,144.3359375,,,,,,1
0.282281663,10.36770139,16.3515625,,,,,,1
0.326932974,17.29638918,182.65625,,,,,,1
0.387860917,19.46766625,68.5546875,,,,,,1
0.199390434,22.27920682,18.91015625,,,,,,1
0.354514868,18.40801095,47.0390625,,,,,,1
0.203778109,17.21148464,242.2851563,,,,,,1
0.200769239,21.62980853,33.26953125,,,,,,1
0.26756072,21.32828478,13.53515625,0,0,26,35,0,1
0.270602029,37.73630825,22.6875,57,0,29,66,0,1
0.008418573,26.66411346,13.60546875,42,0,37,43,0,1
0.512270889,23.74236704,24.84375,96,0,22,40,13,1
0.261312621,33.02408955,71.1875,,,,,,1
0.002300063,41.671101,16.859375,0,0,50,83,0,1
0.058933051,41.706537,22.1015625,,,,,,1
0.559949824,28.26283617,17.0546875,0,0,31,59,0,1
0.111538378,42.79948043,17.609375,0,0,4,46,3,1
0.355068637,37.88025549,25.34765625,0,0,31,63,0,1
0.202086403,41.25345689,67.859375,,,,,,1
0.160600997,35.60382385,39.046875,0,1,25,67,0,1
0.010461212,18.79942212,45.20703125,,,,,,1
0.217450911,49.91698586,67.29296875,,,,,,1
0.21660385,37.58314268,35.25,,,,,,1
0.161022911,36.94826155,49.28125,0,0,52,76,0,1
0.18857392,26.02943082,58.578125,,,,,,1
0.011350854,32.37603518,12.30078125,37,0,28,47,0,1
0.130696374,27.65594782,48.2578125,122,0,38,57,1,1
0.099418062,29.54852897,49.3203125,0,0,35,52,7,1
0.185305158,38.09278759,49.234375,,,,,,1
0.261178228,19.281667,108.3515625,,,,,,1
0.2560544,16.87067795,73.828125,,,,,,1
0.085378555,21.56306227,48.0703125,,,,,,1
0.321131602,31.91290026,70.3125,331,0,27,46,4,1
0.153598297,25.94018659,45.3515625,91,0,34,53,1,1
0.236971753,23.98929785,56.8671875,,,,,,1
0.169061554,40.81449666,51.7578125,,,,,,1
0.284488305,21.79206157,42.65625,,,,,,1
0.31352666,26.96765721,106.4726563,,,,,,1
0.238662001,31.95417636,47.4375,94,0,32,45,1,1
0.082542485,25.12038795,44.3203125,,,,,,1
0.183118804,23.52429464,89.515625,,,,,,1
0.381161375,28.29483262,42.65625,130,0,36,59,6,1
0.006603986,33.95010159,37.71875,37,0,35,67,1,1
0.005987118,38.57405235,16.203125,0,0,20,55,6,1
0.25361312,59.18460889,21.984375,36,0,29,84,0,1
0.334758113,33.7692509,13.40625,35,0,29,47,5,1
0.050248714,48.97523362,18.3515625,0,0,35,54,0,1
0.079687301,39.48459326,91.65234375,15,0,38,43,36,1
0.138089059,37.88054025,68.2265625,0,0,22,89,34,1
0.345333361,32.7893676,61.7578125,123,0,23,50,12,1
0.012484461,51.00790638,51.40625,107,0,45,51,19,1
0.03981779,30.6479736,42.40625,0,0,23,59,0,1
0.259662165,18.98301835,7.96875,0,0,26,37,3,1
0.007236855,36.01321648,26.15625,27,0,26,67,5,1
0.172049023,33.15965272,22.640625,,,,,,1
0.26936916,18.11112865,32.921875,,,,,,1
0.186117258,20.36371722,179.6132813,,,,,,1
0.104089773,20.46219611,26.015625,,,,,,1
0.204044378,21.26673136,118.625,,,,,,1
0.009141796,24.91315735,25.265625,24,0,35,38,4,1
0.158330653,29.7511427,94.75,,,,,,1
0.176758751,16.38584115,43.9140625,,,,,,1
0.126883934,33.50705056,36.81640625,79,0,40,63,2,1
0.161852253,18.66626525,20.625,,,,,,1
0.120913714,25.76085566,65.625,,,,,,1
0.188404143,24.95222935,15.0546875,,,,,,1
0.005523488,23.32303748,28.65234375,105,0,7,43,2,1
0.200331137,21.2878055,27.12109375,,,,,,1
0.072657008,27.8563875,38.96875,,,,,,1
0.254987579,24.82837884,34.2109375,139,0,10,34,24,1
0.10740831,16.2199048,15.29296875,14,0,29,28,1,1
0.124648361,19.66282401,40.078125,,,,,,1
0.044006918,33.22604208,40.1015625,,,,,,1
0.002370625,44.09256573,26.82421875,78,0,29,59,4,1
0.099169367,23.86588085,27.734375,115,0,25,42,8,1
0.002703901,50.19978379,37.171875,0,0,47,78,0,1
0.017291595,31.86069656,30.99609375,0,0,22,62,7,1
0.011398802,38.21798216,18.83984375,31,0,33,52,1,1
0.372108388,28.07920049,17.53125,0,0,31,66,0,1
0.002309677,36.80709341,11.4375,0,0,46,61,0,1
0.08524359,31.03054445,26.5078125,,,,,,1
0.257966115,21.66738768,18.125,,,,,,1
0.018462468,30.71049505,18.3515625,0,0,48,47,7,1
0.334644076,29.86907429,63.53125,43,0,60,55,21,1
0.072371909,31.34166431,32.07421875,82,0,35,45,24,1
0.07184581,38.61375057,24.3359375,35,0,30,70,0,1
0.228275329,22.13419685,8.625,,,,,,1
0.495285282,32.78661575,24.375,22,0,33,60,0,1
0.001410724,34.59899561,21.19921875,47,0,32,67,0,1
0.014591359,51.76151988,24.99609375,0,0,40,71,10,1
0.015524802,30.57012491,16.50390625,36,0,27,65,0,1
0.003985688,57.09926334,16.25390625,0,0,55,73,0,1
0.055926441,57.45716932,55.06640625,63,0,34,66,61,1
0.003669484,38.73808011,14.9765625,,,,,,1
0.328341334,31.57931838,16.03125,0,0,40,54,0,1
0.003956239,31.48248749,25.390625,89,0,34,52,0,1
0.000834767,57.50450979,20.9375,35,0,40,55,12,1
0.004449298,32.08708943,20.5,41,0,39,64,0,1
0.002710382,35.1148089,20.625,,,,,,1
0.000465592,31.86040014,20.9296875,,,,,,1
0.001589766,46.55650483,33.76953125,0,0,42,95,0,1
0.009520221,47.42267305,15.28515625,0,0,41,91,0,1
0.152838937,38.44861321,114.890625,,,,,,1
0.278192065,31.38007101,59.4609375,0,0,30,86,0,1
0.003065713,57.29146496,51.57421875,95,0,39,81,0,1
0.003846239,42.09439058,20.7421875,8,0,22,44,15,1
0.223921972,28.68047572,46.015625,,,,,,1
0.2252525,21.70397266,27.75390625,40,0,5,49,0,1
0.08781098,25.87201592,47.0390625,,,,,,1
0.199078777,25.22023409,45.546875,,,,,,1
0.176104273,29.63182623,92.1875,138,0,30,57,2,1
0.199402376,21.31411749,59.09375,,,,,,1
0.143171702,24.5499263,46.3125,,,,,,1
0.188116921,26.41551507,62.78125,241,0,7,4,52,1
0.08790691,23.10272861,29.7421875,93,0,5,7,40,1
0.245565132,19.37760079,47.8046875,,,,,,1
0.254943907,28.44410149,41.63671875,0,0,5,50,1,1
0.018829845,25.11413061,50.703125,,,,,,1
0.136646244,24.23926124,58.3984375,91,0,25,54,11,1
0.183255756,25.67362637,80.3671875,,,,,,1
0.337366342,31.97497481,64.5703125,97,0,26,52,6,1
0.173314406,20.79377801,60.125,,,,,,1
0.13758123,26.17125798,18.421875,93,0,36,36,0,1
0.213521196,29.62934097,61.8515625,,,,,,1
0.033882908,21.86681245,37.109375,159,0,29,50,0,1
0.007749728,31.1877261,48.62890625,103,0,11,52,7,1
0.094591162,27.92926725,65.53125,,,,,,1
0.080522717,24.2153443,83.671875,,,,,,1
0.174873399,29.31558128,78.22265625,0,0,47,65,10,1
0.266922656,16.87719159,22.96875,,,,,,1
0.001242928,28.14306405,51.2109375,113,0,32,45,12,1
0.017631043,19.12968519,24.78515625,,,,,,1
0.291718784,26.62949525,11.67578125,0,0,21,49,0,1
0.031387553,19.19990148,12.26171875,0,0,14,33,10,1
0.001355155,128.8802754,128,0,0,510,64,0,1
0.010203265,26.30046021,10.5625,23,0,27,52,0,1
0.133308065,19.67028385,43.39453125,,,,,,1
0.226758439,19.91237881,39.71875,,,,,,1
0.013386904,23.80222618,174.3046875,,,,,,1
0.090939164,16.38466986,46.7578125,,,,,,1
0.300604647,28.80507951,141.5976563,,,,,,1
0.10614427,30.8352288,31.171875,93,0,21,52,5,1
0.071360569,46.81866533,58.45703125,167,0,18,50,23,1
0.152831544,36.54293601,74.51171875,0,0,44,55,54,1
0.09176083,27.98417863,133.6289063,0,0,32,79,102,1
0.254581492,39.21705777,32.34375,0,0,12,61,11,1
0.094665744,26.95756264,28.79296875,0,0,25,44,19,1
0.276577539,30.91834882,35.8359375,0,0,70,66,0,1
0.084978908,23.39748167,74.5078125,151,0,34,102,0,1
0.075280229,33.99214744,40.33203125,63,0,7,50,9,1
0.170847485,40.70125226,77.4375,121,0,45,89,29,1
0.118175306,21.23812841,39.08203125,,,,,,1
0.173835428,42.37183651,62.765625,103,0,47,74,4,1
0.321392276,32.68616137,50.6953125,37,0,71,73,30,1
0.42725235,28.48380927,78.93359375,0,0,11,50,71,1
0.118568197,28.95601089,37.578125,25,0,34,61,4,1
0.089614831,34.38967436,78.671875,0,0,108,71,35,1
0.192073695,22.68977895,40.375,0,0,97,76,0,1
0.160276977,34.46618698,34,0,0,126,68,0,1
0.242478515,32.2620741,124.8398438,,,,,,1
0.212712302,28.70556728,44.5625,45,0,77,92,0,1
0.325358722,40.85520748,42.625,65,0,57,46,42,1
0.223630552,19.65824231,24.0703125,55,0,50,33,6,1
0.26807196,33.65632757,37.6875,99,0,33,72,0,1
0.131490204,31.30709019,37,0,3,23,62,9,1
0.227030695,24.38651873,64.125,46,0,10,73,35,1
0.257590449,33.61579158,146.9726563,0,0,114,116,59,1
0.00616362,23.40832154,39.51953125,52,0,97,67,0,1
0.00427932,33.58161746,29.55078125,0,0,19,58,27,1
0.170280938,31.03996406,22.171875,30,0,46,60,6,1
0.117084092,24.54753836,37.984375,0,0,25,64,4,1
0.062773095,26.17437318,36.84375,,,,,,1
0.010180811,26.92962385,14.2734375,0,0,21,63,0,1
0.198688135,26.64534762,45.20703125,,,,,,1
0.216390718,33.51248154,25.94921875,64,0,9,73,0,1
0.247677843,29.23903332,48.234375,89,0,35,68,30,1
0.299332964,26.15759706,51.22265625,25,0,45,60,33,1
0.184460377,30.04626639,27.28125,0,0,28,72,0,1
0.209270001,38.62408774,51.64453125,90,0,25,60,53,1
0.186448561,31.78529256,33.36328125,0,0,31,64,9,1
0.081273332,32.43733291,58.75390625,0,0,37,72,17,1
0.339689965,32.31211944,36.71875,0,1,3,64,35,1
0.320496489,33.80375305,39.703125,41,0,78,78,6,1
0.103848782,31.47445546,55.078125,87,0,52,100,0,1
0.004403814,33.84650738,30.75,0,0,30,82,0,1
0.064257707,35.62782841,30.46875,0,0,26,78,0,1
0.193841517,44.39261338,58.7578125,0,0,26,72,66,1
0.020439906,18.98962424,26.25,8,0,24,41,7,1
0.006885648,30.83403957,11.19921875,28,0,31,47,0,1
0.100237198,21.39191712,17.2265625,67,0,36,41,1,1
0.242801498,35.36719126,33.25,118,0,32,56,0,1
0.007527197,33.80577076,26.94140625,53,0,66,57,0,1
0.044590297,32.7326492,26.43359375,36,0,63,64,3,1
0.135958602,28.54219032,44.47265625,,,,,,1
0.116925466,36.07768263,35.15625,13,0,78,52,23,1
0.222612505,41.45138253,121.6992188,,,,,,1
0.06871253,20.90819736,58.296875,0,0,24,57,34,1
0.178840182,40.14601287,35.625,59,0,11,80,0,1
0.231849205,41.40441636,83.5625,,,,,,1
0.253062044,28.48524487,28.30078125,60,0,27,43,20,1
0.086647121,24.93811655,23.84375,38,0,13,51,5,1
0.247451504,25.94335998,25.2578125,,,,,,1
0.11953344,22.95378626,38.78125,33,0,55,71,2,1
0.217542697,32.42848682,198.5546875,,,,,,1
0.275568573,25.2155232,30,69,0,37,52,8,1
0.004497427,30.36077353,15.8203125,53,0,26,44,6,1
0.377297417,24.85286347,25.3359375,86,0,21,35,11,1
0.549253197,23.78689177,14.4375,34,0,25,38,10,1
0.308178625,31.72242833,9.0703125,0,0,37,42,1,1
0.169182739,22.30735435,38.5078125,0,0,29,62,0,1
0.038334553,24.92031789,54.56640625,103,0,9,61,0,1
0.127801989,36.21825218,57.6640625,0,0,36,50,11,1
0.172766892,40.69812024,22.265625,53,0,20,76,0,1
0.172357381,26.49017852,28.18359375,0,0,9,65,0,1
0.0064705,42.98479205,8.4375,25,0,18,41,7,1
0.002845099,39.50245706,11.515625,0,0,42,67,0,1
0.077548337,26.75762021,100.2539063,274,0,19,45,42,1
0.097157253,29.82716871,31.171875,56,0,49,60,0,1
0.12654234,30.38761233,68.296875,77,0,32,60,34,1
0.26619629,19.80250293,27.37109375,21,0,33,46,3,1
0.018746203,28.61825402,98.328125,,,,,,1
0.178684038,24.00576329,23.625,0,0,9,50,4,1
0.264219262,28.8720023,47.8125,166,0,36,58,2,1
0.271756059,36.45095739,29.8046875,36,0,35,70,0,1
0.012620461,27.61778203,23.828125,56,0,42,60,1,1
0.032184544,25.54427732,23.4140625,50,0,29,71,3,1
0.232263104,22.43509993,12.484375,24,0,21,68,0,1
0.156682387,43.34817469,353.5351563,,,,,,1
0.189173698,43.21348024,168.046875,,,,,,1
0.166531042,36.18013867,187.125,,,,,,1
0.133433834,34.86285585,81.81640625,,,,,,1
0.240175655,28.94510746,14.875,0,0,55,56,0,1
0.108953698,41.36618854,494.203125,,,,,,1
0.133135251,37.04517135,50.1328125,,,,,,1
0.145020372,34.21521684,33.03125,43,0,49,51,5,1
0.01207164,25.42554292,26.4140625,0,0,35,46,0,1
0.004916583,41.39367519,45,61,0,34,10,50,1
0.465848757,29.22260024,19.12109375,50,0,37,54,1,1
0.271434505,25.96890475,28.15625,,,,,,1
0.167157856,27.05201132,102.1875,,,,,,1
0.331953029,36.69896281,60.0390625,0,0,48,54,4,1
0.161009425,34.15608151,73.140625,,,,,,1
0.009730797,27.67352975,50.203125,,,,,,1
0.004614738,34.85537618,21.78515625,0,0,37,39,0,1
0.254206452,34.25985341,34.5703125,51,0,33,50,0,1
0.240781333,26.21628892,29.375,0,0,39,40,0,1
0.173363376,34.44566789,28.640625,146,0,40,37,2,1
0.210124178,34.35092143,22.6875,54,0,44,44,0,1
0.17059599,31.3209149,10.7578125,0,0,49,54,0,1
0.193978764,40.24213323,313.875,,,,,,1
0.190005941,42.3512407,31.640625,,,,,,1
0.095929777,27.84841137,12.01171875,,,,,,1
0.196504285,50.57082909,130.4257813,,,,,,1
0.172019991,50.41277855,67.59375,0,0,49,103,0,1
0.05691912,35.13025174,113.1210938,,,,,,1
0.348518655,36.46728037,19.0625,0,0,29,48,13,1
0.227392498,42.55373903,37.078125,,,,,,1
0.268190316,38.41919748,119.375,,,,,,1
0.021920905,40.78880876,65.13671875,,,,,,1
0.248481524,40.07877289,126.8320313,,,,,,1
0.26565577,36.98261057,149.921875,,,,,,1
0.027559704,37.11003731,7.14453125,0,0,31,57,2,1
0.011175809,39.13177667,14.35546875,0,0,73,49,0,1
0.001638235,47.1997744,11.25390625,0,0,65,43,0,1
0.009658115,40.1711356,13.125,,,,,,1
0.000194078,44.83517838,17.921875,0,0,60,74,0,1
0.006187373,67.64756511,28.1015625,0,0,66,107,2,1
0.338527067,27.19680079,9.0234375,0,0,53,42,0,1
0.021022599,34.91304906,12.03125,0,0,53,56,0,1
0.009372338,52.32908141,56.53125,15,0,91,72,62,1
0.026636495,50.29804421,40.72265625,0,0,73,52,87,1
0.004311608,38.66680704,12.6953125,,,,,,1
0.037273949,47.96286863,11.09375,0,0,69,40,0,1
0.006449163,69.4299625,24.33984375,0,0,91,67,0,1
0.032292695,25.7216948,8.80859375,2,0,53,41,0,1
0.02351444,33.87976932,14.14453125,0,0,51,69,2,1
0.012445021,33.11167478,12.4609375,2,0,56,55,0,1
0.004237544,34.78120726,15.84375,0,0,102,39,0,1
0.003901246,110.7344248,41.66015625,0,0,133,79,0,1
0.003198465,38.01013168,7.8671875,0,2,38,51,0,1
0.239950615,34.86064008,8.6953125,0,0,51,42,0,1
0.012927421,41.64352011,12.59765625,0,0,73,43,0,1
0.371905375,50.72313184,18.28125,0,2,52,88,0,1
0.352381099,30.34368315,57.94921875,6,0,5,4,65,1
0.312389295,37.32672345,30.796875,,,,,,1
0.00549081,40.25736781,40.375,102,0,48,62,6,1
0.004572529,40.40991228,24.21875,,,,,,1
0.364566952,43.69925597,23.11328125,56,0,39,55,6,1
0.246782712,34.80904501,14.4375,0,0,36,56,0,1
0.442551137,28.30255276,64.0625,0,0,22,10,72,1
0.187059026,28.60218633,99.5625,,,,,,1
0.167383277,36.43463978,207.03125,,,,,,1
0.127788113,29.40797307,20.09765625,0,0,10,7,42,1
0.334522735,36.36089007,50.5859375,135,0,38,48,26,1
0.059781416,27.51681994,47.05078125,,,,,,1
0.338517417,44.96303982,40.4296875,40,0,38,75,0,1
0.389311316,32.36709382,27.609375,47,0,45,57,0,1
0.015847454,100.0773653,37.0546875,42,0,53,45,17,1
0.00440335,47.52810984,11.984375,0,0,57,52,0,1
0.010990237,33.5912366,13.125,0,0,46,70,0,1
0.100988199,40.94118245,43.84375,47,0,45,54,7,1
0.009065078,54.34262137,21.328125,64,0,12,59,11,1
0.001045921,54.31788701,36.09375,0,0,53,69,8,1
0.004374837,34.63065394,28.52734375,38,0,69,60,7,1
0.003511363,87.35682785,32.8125,23,0,61,53,17,1
0.00744361,53.94652356,15.4375,0,0,74,52,0,1
0.008781268,71.84485947,33.984375,25,0,48,64,11,1
0.03696689,49.64294834,55.3125,,,,,,1
0.004353112,65.29912325,46.0078125,48,0,51,60,18,1
0.018343159,45.22590678,7.0546875,0,0,40,43,0,1
0.45841562,34.97472415,108.8867188,,,,,,1
0.003259604,11.63421538,16.46875,61,0,5,62,0,1
0.297106039,50.84817172,80.4375,168,0,69,63,15,1
0.58541423,42.30042081,98.0859375,144,0,40,66,69,1
0.000150169,70.24403298,52.5,82,0,76,64,20,1
0.356241052,31.81423237,15.4375,0,0,50,76,0,1
0.379288235,36.65630852,50.46875,,,,,,1
0.003192626,41.61443509,9.9375,0,0,46,53,0,1
0.009512851,42.64883066,20.0390625,5,0,37,57,0,1
0.20208596,42.83935346,58.7421875,102,0,42,61,12,1
0.429987201,37.54307872,90.8203125,,,,,,1
0.231743017,47.73174045,68.4375,0,0,46,73,0,1
0.051964404,65.61051199,114.6835938,2,0,37,78,79,1
0.003549916,81.85434904,15.84375,0,0,50,78,0,1
0.176832133,30.76874803,47.7109375,,,,,,1
0.053143392,27.3441954,54.6015625,,,,,,1
0.222317852,43.68654789,55.6171875,72,0,37,59,4,1
0.097575143,28.63689103,53.046875,29,0,26,30,67,1
0.241265039,49.13387534,54.44140625,53,0,6,66,11,1
0.001303452,61.50668572,34.3984375,61,0,56,70,4,1
0.250026413,25.63759486,11.37109375,0,0,39,71,0,1
0.002655613,57.28283677,35.0390625,96,0,40,54,11,1
0.150303064,39.6648223,50.765625,0,0,36,71,5,1
0.21608315,56.67971606,20.625,37,0,8,41,14,1
0.011954714,45.37007575,10.71875,0,0,47,56,0,1
0.250069617,44.17748256,23.3515625,6,0,16,3,58,1
0.165789094,54.27073645,18.046875,10,0,9,43,12,1
0.112890384,27.7885226,46.13671875,91,0,8,41,52,1
0.050353157,24.83740848,5.765625,0,0,39,36,0,1
0.420418677,31.38724747,40.78515625,0,0,112,53,0,1
0.128085576,33.80957182,57.09375,115,0,22,61,2,1
0.332629476,18.9837713,17.609375,,,,,,1
0.312179562,33.41382878,47.41015625,0,1,10,52,0,1
0.077440247,29.459039,45.703125,,,,,,1
0.231561576,21.66433379,55.86328125,,,,,,1
0.374387013,29.85624829,54.375,,,,,,1
0.166631712,31.73163284,52.203125,97,0,24,47,5,1
0.315974929,34.2334049,75.78125,168,0,30,60,37,1
0.069671091,25.04249102,5.6875,0,0,50,28,0,1
0.202754065,30.37053978,63.4375,,,,,,1
0.14726624,20.41186568,42.796875,,,,,,1
0.230075898,26.01554132,19.7421875,107,0,24,38,0,1
0.16877522,26.79587762,84.1640625,280,0,11,10,53,1
0.118902046,11.1298099,10.2265625,15,0,52,28,6,1
0.132230417,37.05834351,13.359375,0,1,58,51,5,1
0.006467261,20.91582254,18.42578125,0,0,87,52,1,1
0.021263299,46.11220782,33.8203125,0,0,76,111,0,1
0.012290061,5.354499283,5.859375,,,,,,1
0.035172709,13.75817072,11.38671875,30,0,13,4,49,1
0.388998921,37.3497309,10.52734375,0,0,47,55,0,1
0.002873929,12.63003401,7.3828125,,,,,,1
0.03973787,6.247696183,6.2421875,,,,,,1
0.004206984,16.43761362,9.546875,43,0,7,45,2,1
0.008027736,61.98035013,17.578125,0,0,88,50,0,1
0.017376493,15.03357868,13.3203125,,,,,,1
0.002860055,27.36791682,18.53515625,,,,,,1
0.021954163,31.49665175,23.8515625,,,,,,1
0.569075874,47.19623796,12.65625,0,0,79,39,1,1
0.135413646,11.85875987,10.96875,0,0,23,12,24,1
0.157549794,15.00124316,12.03125,0,0,68,44,0,1
0.224196023,15.87766141,699.9179688,,,,,,1
0.160888982,22.39702776,55.69921875,,,,,,1
0.168848573,13.60297299,453.578125,,,,,,1
0.230293084,13.51561998,477.0390625,,,,,,1
0.044806786,25.70795286,11.29296875,,,,,,1
0.037569126,17.03896396,28.30078125,,,,,,1
0.252514992,14.03992687,473.1289063,,,,,,1
0.106552326,6.89574825,24.4453125,,,,,,1
0.016369451,21.02494926,4.484375,0,0,39,28,0,1
0.011743818,26.02115173,13.3203125,,,,,,1
0.011751958,32.72725375,8.25,0,0,46,44,0,1
0.078863154,13.20577836,9.953125,,,,,,1
0.009792135,38.47103357,56.640625,47,0,29,50,0,1
0.308553586,19.78367406,39.35546875,,,,,,1
0.111610001,28.02134131,25.05078125,53,0,66,53,0,1
0.017642702,10.91115127,6.3984375,,,,,,1
0.045671482,31.69252339,52.171875,,,,,,1
0.003391229,33.43988819,23.5546875,39,0,49,45,0,1
0.092254889,27.20548429,15.625,0,0,24,50,0,1
0.135988568,28.3388941,54.35546875,,,,,,1
0.04161781,31.1747619,26.90625,20,0,28,23,33,1
0.115370085,21.4918281,134.1328125,,,,,,1
0.08623675,22.04993124,43.7890625,,,,,,1
0.403603539,26.6063665,36.15625,,,,,,1
0.068156235,33.65882838,32.421875,0,0,7,46,4,1
0.113965676,16.95128001,102.5390625,,,,,,1
0.020761631,30.78390374,42.44140625,,,,,,1
0.182843516,27.64952161,111.8671875,,,,,,1
0.148456493,22.8875179,47.8125,,,,,,1
0.007715511,25.78103634,21.671875,,,,,,1
0.043167292,24.73644279,72.87109375,,,,,,1
0.154299204,33.52339001,140.2734375,,,,,,1
0.08748322,28.08733689,35.875,,,,,,1
0.04722529,18.4069722,25.13671875,,,,,,1
0.012987642,11.5309007,7.3671875,,,,,,1
0.093019684,28.83742865,36.5625,,,,,,1
0.007186776,25.98874091,81.80859375,,,,,,1
0.000960454,21.57355872,69.92578125,,,,,,1
0.005675564,81.88720721,310.7421875,49,0,7,5,210,1
0.006580421,32.01435723,8.4375,0,0,27,42,3,1
0.008366958,48.30790069,20.91796875,32,0,17,105,0,1
0.032049269,40.55354053,95.4140625,,,,,,1
0.003124378,25.23827115,28.875,,,,,,1
0.042179863,33.61142434,120.5039063,,,,,,1
0.00648267,46.03708421,35.5546875,87,0,10,74,0,1
0.055740558,25.40211558,153.8671875,,,,,,1
0.005975331,29.16987705,34.6875,,,,,,1
0.02223551,30.8878761,32.453125,0,0,3,16,46,1
0.02393134,21.17585826,18.5625,0,0,46,99,0,1
0.09783322,34.0314443,18.5859375,0,0,59,78,0,1
0.004887265,14.03183908,17.96875,,,,,,1
0.036958624,10.92321655,7.90625,0,0,8,39,5,1
0.038193558,16.81686895,20.34375,,,,,,1
0.041727314,11.52767201,48.2421875,,,,,,1
0.055209028,9.695045063,10.78125,,,,,,1
0.076280613,8.908523617,19.6171875,,,,,,1
0.09436221,12.8154454,14.6484375,,,,,,1
0.060502175,8.302203786,29.65625,,,,,,1
0.040490414,28.88204562,86.125,,,,,,1
0.147837221,12.19880225,30.75,,,,,,1
0.07151492,5.365722059,8.53125,,,,,,1
0.011247703,6.178543125,8.984375,,,,,,1
0.022004891,7.591968017,9.0703125,,,,,,1
0.003258411,19.22816241,15.640625,9,0,8,33,44,1
0.006167335,15.93446158,28.75,,,,,,1
0.117788336,15.23022937,71.15625,,,,,,1
0.12862381,10.34599387,19,,,,,,1
0.030869455,21.38646953,35.6484375,,,,,,1
0.055266579,10.86215727,18.046875,,,,,,1
0.032375807,17.39983059,76.53125,,,,,,1
0.005656946,7.61445578,5.77734375,,,,,,1
0.094946613,9.661839773,26.25,,,,,,1
0.046824058,16.69911282,40.81640625,,,,,,1
0.045409555,12.00845499,46.2265625,,,,,,1
0.000547118,33.57977251,14.609375,0,0,53,68,0,1
0.004677455,27.07065131,25.671875,0,0,56,106,0,1
0.066425937,15.61293476,137.859375,,,,,,1
0.003850903,13.61613763,19.296875,0,2,11,74,0,1
0.002068478,23.73950891,9.1796875,42,0,3,13,37,1
0.023539925,27.50063553,35.3203125,44,0,36,66,0,1
0.076922998,9.532321214,50.7578125,,,,,,1
0.062301874,14.76454621,76.0703125,,,,,,1
0.050238594,18.98764899,106.5625,,,,,,1
0.031508929,7.51651987,16.5625,,,,,,1
0.017879404,19.81538962,16.75,0,0,62,67,0,1
0.234356969,24.56425493,27.125,,,,,,1
0.013299298,16.12868447,58.578125,,,,,,1
0.002706839,49.87034634,15.3125,0,0,5,47,33,1
0.196082548,17.26037859,12.0078125,0,0,5,53,0,1
0.06183662,20.81667413,44.6875,,,,,,1
0.113358268,8.143712799,34.28515625,,,,,,1
0.109170348,8.966434781,13.40625,,,,,,1
0.095709315,5.333955387,5.6875,,,,,,1
0.178894009,6.172571257,11.1796875,,,,,,1
0.111171689,8.843035381,9.36328125,,,,,,1
0.020046693,31.05462033,50.23046875,,,,,,1
0.096711373,22.03032082,33.2578125,,,,,,1
0.024063092,13.22629566,42.75,,,,,,1
0.080600669,13.57927938,103.6875,,,,,,1
0.08051807,14.88280443,21.72265625,,,,,,1
0.151289036,13.34709546,74.35546875,,,,,,1
0.042382142,11.81798856,93.75,,,,,,1
0.008355856,17.59573742,57.44921875,,,,,,1
0.006656296,14.83050831,11.171875,0,0,18,28,27,1
0.089029242,37.92663629,15.33984375,0,0,75,51,0,1
0.125297333,10.56013546,5.60546875,,,,,,1
0.226434951,6.460424272,16.875,,,,,,1
0.054841396,7.332638145,13.4765625,,,,,,1
0.339611967,34.25685936,66.203125,0,0,32,75,1,1
0.004897131,29.14138745,9.5390625,45,0,27,33,0,1
0.288187292,28.67817622,38.0625,0,0,39,58,0,1
0.196345947,28.37285655,60.84375,0,0,40,66,0,1
0.405005852,31.96820217,25,73,0,25,57,7,1
0.006658521,36.47217164,34.8046875,,,,,,1
0.157998081,43.67403008,27.5625,0,0,38,56,0,1
0.335962424,32.61285648,28.640625,102,0,15,43,9,1
0.276963901,31.25166452,148.828125,0,0,33,63,37,1
0.431677552,27.80973826,70.359375,84,0,25,54,25,1
0.002440825,44.53687889,16.36328125,38,0,31,59,0,1
0.345327193,25.87675267,46.921875,93,0,28,53,13,1
0.325461627,31.64127103,68.0625,0,0,36,71,1,1
0.124090652,28.69461784,83.25,,,,,,1
0.203879975,31.66995439,40.21875,0,0,24,71,7,1
0.074191887,29.99208994,36.3671875,107,0,24,57,13,1
0.108310851,26.3220706,325.125,,,,,,1
0.143197517,26.78942659,334.6875,,,,,,1
0.006342244,41.87294794,14.6953125,8,0,56,52,5,1
0.086744923,29.78289988,163.8710938,,,,,,1
0.041617854,26.33328871,299.5,,,,,,1
0.255781366,34.49229031,26.28125,45,0,50,58,0,1
0.066116703,25.88909958,43.6484375,0,0,40,58,16,1
0.028071924,21.36777055,67.3828125,38,0,18,47,22,1
0.115949105,25.10054591,32.171875,35,0,27,58,0,1
0.345455921,27.35582637,83.26171875,100,0,22,74,13,1
0.137491294,25.66754413,23.25,57,0,37,47,15,1
0.102446317,26.7507263,113.8984375,443,0,10,43,18,1
0.340987746,27.1319152,236.7109375,,,,,,1
0.015887205,11.40993457,10.078125,30,0,28,39,4,1
0.074594417,25.01257079,55.125,,,,,,1
0.113110595,38.67414074,65.16796875,53,0,48,53,14,1
0.153296546,27.65790244,83.359375,,,,,,1
0.183664448,20.28420802,82.0625,,,,,,1
0.14918364,23.26653889,88.69921875,,,,,,1
0.037406539,19.82137785,54.140625,,,,,,1
0.181210254,20.07104971,90.09375,,,,,,1
0.059819004,20.37119219,41.34375,,,,,,1
0.265690965,23.28112304,60.265625,114,0,6,39,19,1
0.221749944,23.53478662,63.5625,,,,,,1
0.085662232,18.20601242,42.796875,,,,,,1
0.058456628,25.95019446,46.16796875,112,0,5,50,3,1
0.032092986,19.45704837,52.9296875,92,0,22,50,0,1
0.163059158,21.23578896,45.03515625,,,,,,1
0.337949747,18.97985569,75.515625,,,,,,1
0.167060045,21.12575956,27.125,,,,,,1
0.274329131,23.6676992,52.03125,,,,,,1
0.105399386,22.55230942,52.171875,180,0,30,62,1,1
0.137803954,21.67495259,78.1328125,,,,,,1
0.143133298,23.46394025,96.8203125,,,,,,1
0.057496645,23.10591981,27.890625,159,0,9,40,2,1
0.46176627,34.07675314,25.56640625,21,0,22,53,2,1
0.238115464,22.32712044,29.55078125,,,,,,1
0.218694285,27.09393139,13.40625,,,,,,1
0.511116533,24.50857543,32.296875,,,,,,1
0.008331142,32.00593235,25.6484375,105,0,27,39,10,1
0.385872139,29.28899243,27.38671875,48,0,32,52,5,1
0.302027888,26.48903791,13.58984375,,,,,,1
0.181604689,32.58508277,27.5625,60,0,55,39,3,1
0.015002688,36.71741969,13.26171875,48,0,47,35,0,1
0.266100101,31.63168232,15.734375,49,0,25,53,0,1
0.189500716,20.82168848,36.94140625,34,0,77,49,0,1
0.007984431,27.96070987,11.25390625,0,0,31,43,0,1
0.01478138,35.18204075,17.15625,41,0,29,61,0,1
0.071243331,28.15351704,34.06640625,,,,,,1
0.166369106,17.18973029,63.87109375,,,,,,1
0.003138062,36.63535345,22.8203125,18,0,25,46,0,1
0.186248691,28.55068013,38.9375,121,0,27,47,9,1
0.053943757,24.33088347,6.796875,,,,,,1
0.063302617,34.50638346,27,41,0,17,54,0,1
0.136221108,20.84772348,25.13671875,,,,,,1
0.241528145,24.67792857,22.84375,,,,,,0
0.012035913,24.19365492,24.96875,19,0,30,22,25,0
0.254838897,19.33145459,29.68359375,,,,,,0
0.079331523,32.37624308,14.109375,52,0,32,42,0,0
0.377556383,17.0579156,34.453125,,,,,,0
0.223266829,17.07497714,9.9609375,0,0,40,23,2,0
0.112197397,25.43748066,36.7109375,,,,,,0
0.094129641,29.00595562,38.37109375,0,0,103,45,2,0
0.210357785,23.33488363,15.99609375,40,0,14,37,2,0
0.382563172,20.06529351,23.90625,,,,,,0
0.008469629,23.05306526,4.4296875,13,0,27,27,0,0
0.190129009,17.69987028,10.984375,,,,,,0
0.004095397,32.38319789,15.9453125,0,0,69,25,1,0
0.006587746,17.14913372,8.89453125,0,0,14,33,0,0
0.122711559,21.33597103,20.9296875,,,,,,0
0.231324199,29.17843107,36.25,,,,,,0
0.015273933,36.25333223,14.4453125,,,,,,0
0.205194598,27.35698466,12.171875,55,0,25,33,5,0
0.242414181,25.35720058,18.3515625,60,0,25,27,27,0
0.168706528,20.63105621,49.546875,,,,,,0
0.113790539,21.96796157,14.765625,75,0,5,8,22,0
0.295401462,34.18793,24.50390625,0,0,85,40,1,0
0.228134358,23.96294532,16.1328125,53,0,13,35,0,0
0.00291893,30.55717051,11.09375,0,0,18,39,1,0
0.007013542,37.51966336,27.5390625,,,,,,0
0.30113795,29.01473569,72,96,0,33,39,89,0
0.309292912,37.34152263,30.84375,97,0,42,52,4,0
0.315844429,36.08066149,18.03515625,44,0,35,57,0,0
0.001908182,53.36666993,17.58984375,0,0,11,48,9,0
0.439776337,32.13904629,26.29296875,0,0,45,48,5,0
0.054107465,44.38558074,27.38671875,67,0,54,57,0,0
0.453801299,29.12425753,15.8203125,0,0,45,45,5,0
0.001568791,43.54399504,27.34375,0,0,37,52,18,0
0.21088619,53.79053168,50.25,44,0,146,67,0,0
0.378958189,37.22525032,33.078125,,,,,,0
0.005750296,21.05645981,6.46875,,,,,,0
0.006435847,41.29155888,10.421875,0,0,44,58,0,0
0.117622814,27.26212927,14.1015625,36,0,36,38,0,0
0.276985456,30.58427904,14.87109375,0,0,43,47,0,0
0.414703208,26.73767939,23.92578125,34,0,45,46,3,0
0.003788072,53.10931424,19.3359375,,,,,,0
0.374473879,27.05805785,10.75,0,0,29,43,0,0
0.008421478,38.76480498,18.69140625,0,0,44,46,9,0
0.00271057,38.4429547,14.94140625,0,0,34,44,7,0
0.297206481,34.10051161,16.6015625,0,0,41,50,0,0
0.272885956,22.99906229,20.05078125,0,0,41,59,0,0
0.25011539,29.26445007,41.22265625,,,,,,0
0.561621766,29.94151483,17.390625,0,0,47,53,0,0
0.125136977,31.55481633,34.9453125,41,0,99,55,8,0
0.301645728,20.12046228,26.25,,,,,,0
0.012844874,26.3354463,14.73828125,32,0,43,49,0,0
0.450259759,36.31453787,15.234375,0,1,37,50,1,0
0.019009587,36.5371016,9.5625,0,0,46,51,0,0
0.008718864,37.71756834,7.84765625,0,0,39,49,0,0
0.29310806,25.35201806,43.86328125,,,,,,0
0.003800234,43.12843487,14.953125,47,0,38,44,0,0
0.39675861,32.78225735,74.953125,0,0,39,58,59,0
0.256428962,29.15326531,24.78515625,107,0,32,45,0,0
0.601145572,24.32468257,53.5,0,0,39,64,0,0
0.426548952,31.22621805,25.30078125,95,0,30,48,3,0
0.396421281,33.90159898,101.96875,77,0,17,47,57,0
0.526341526,32.48787716,43.875,0,0,53,47,1,0
0.084557525,30.254849,47.55078125,,,,,,0
0.153705303,40.51871154,122.7890625,151,0,23,47,31,0
0.277083619,27.915548,49.95703125,,,,,,0
0.012422123,28.50227919,33.0859375,121,0,12,11,24,0
0.032802942,26.27083109,6.40625,0,0,39,40,0,0
0.299739284,24.33044314,58.015625,,,,,,0
0.300309047,27.09745272,41.1484375,0,1,92,45,0,0
0.256119382,24.35958258,42.77734375,86,0,58,47,0,0
0.044077249,33.93837784,42.1875,,,,,,0
0.246210103,28.09530651,8.9609375,0,0,33,31,0,0
0.076067913,35.19365923,41.8671875,95,0,136,46,0,0
0.159928279,31.72089965,53.3671875,0,0,43,52,2,0
0.179756822,28.09708731,47.28515625,207,0,17,44,1,0
0.228068876,27.44324706,55.5,,,,,,0
0.232619494,31.68662263,48.7265625,0,0,28,34,8,0
0.264041791,27.12151771,32.265625,,,,,,0
0.204677193,29.80542793,47.87109375,,,,,,0
0.222074658,36.46927327,44.3359375,181,0,44,50,0,0
0.197122909,31.91168212,96.6875,0,0,23,53,38,0
0.179517202,30.37675867,54.90625,0,0,38,55,1,0
0.361066713,32.07187255,56.109375,,,,,,0
0.242748806,27.07387706,75.078125,,,,,,0
0.050654402,29.11367306,24.921875,,,,,,0
0.399760484,37.20919116,46.19140625,178,0,35,50,5,0
0.208673019,33.10668771,24.90234375,43,0,80,51,0,0
0.282334166,37.40622046,22.75,52,0,50,56,0,0
0.004258093,44.08850012,22.96875,108,0,37,40,0,0
0.282333513,28.16682152,46.4453125,,,,,,0
0.064465696,28.81759754,16.171875,0,0,32,46,0,0
0.345002636,30.71474389,20.671875,52,0,44,54,0,0
0.11948015,34.7528668,14.8125,0,0,36,48,0,0
0.327169473,27.14128291,52.59375,,,,,,0
0.301201106,40.02930612,22.93359375,0,0,51,50,7,0
0.270381809,28.22656069,42.44140625,,,,,,0
0.247636967,34.18862515,55.0703125,47,0,29,53,0,0
0.227136998,27.69337308,37.734375,0,0,22,8,52,0
0.221394784,34.99019996,50.2421875,90,0,54,56,3,0
0.176078146,38.37168043,49.1484375,88,0,46,46,8,0
0.304755421,40.10519628,44.078125,0,0,58,50,2,0
0.127404394,32.06253433,66.5625,171,0,40,53,27,0
0.342790012,35.75836417,27.5,88,0,38,55,0,0
0.090444216,34.53997815,24.890625,0,0,78,59,0,0
0.365159383,34.14471939,29.6484375,41,0,49,54,1,0
0.004937564,47.51397345,14.82421875,0,0,67,55,0,0
0.225141366,26.84439723,15.9375,61,0,39,38,2,0
0.098297866,34.22917537,12.9609375,0,0,40,42,0,0
0.364233664,28.8972813,25.46484375,0,0,37,48,5,0
0.298520903,40.84823999,92.70703125,0,0,40,53,28,0
0.255204825,36.19803189,65.9375,,,,,,0
0.551953646,28.31530888,39.9609375,0,0,32,56,6,0
0.369492779,34.09919387,70.875,0,0,25,61,11,0
0.385219093,33.03000144,88.3046875,,,,,,0
0.287729849,39.17612196,110.859375,,,,,,0
0.367117999,37.89381703,97,,,,,,0
0.175487129,36.52972669,81.36328125,35,0,82,79,52,0
0.397837262,21.44424507,16.0859375,37,0,32,48,10,0
0.314256144,18.14662759,13.875,0,0,45,29,3,0
0.133834769,32.19307622,17.0546875,0,0,17,44,15,0
0.118589462,30.52416138,17.0703125,22,0,28,38,0,0
0.099451986,30.23609974,14.89453125,0,0,13,37,4,0
0.121893365,28.68629906,10.3125,36,0,28,40,0,0
0.27261096,23.56331403,17.30078125,40,0,20,8,35,0
0.00217757,37.50736871,7.734375,0,0,15,42,3,0
0.462961243,34.13023529,14.14453125,0,0,9,49,2,0
0.276499357,22.1587827,6.296875,0,0,32,29,2,0
0.281272121,30.09408176,20.125,0,0,40,56,0,0
0.082640256,18.3288967,8.98828125,0,0,27,39,0,0
0.121405111,31.08253581,49,31,0,7,38,26,0
0.042396699,32.32318487,19.96875,0,0,27,34,2,0
0.198895052,20.48015145,25.3125,0,0,51,39,1,0
0.116104934,20.48673385,22.3984375,0,0,20,36,25,0
0.347506406,20.8751878,21.4609375,0,0,24,36,5,0
0.00677432,24.57798617,19.3125,0,0,15,42,6,0
0.292342966,31.51055432,25.3046875,0,0,27,21,20,0
0.367127438,22.49650668,28.30078125,,,,,,0
0.010864344,26.34162356,12.6875,52,0,25,28,1,0
0.355735139,22.91143689,31.796875,,,,,,0
0.165866406,15.05968461,14.765625,,,,,,0
0.322509105,24.07874033,67.265625,,,,,,0
0.103736433,23.6735725,24.75,47,0,60,43,1,0
0.042431837,17.15878542,3.5234375,0,0,6,22,0,0
0.209139183,28.41125671,16.65234375,0,0,27,29,0,0
0.012120361,28.52063059,25.13671875,77,0,40,43,2,0
0.126118423,30.00172947,23.80859375,0,0,11,48,5,0
0.377295481,23.65912168,18.078125,0,1,38,48,3,0
0.127991797,23.52340324,56.46875,,,,,,0
0.20226244,24.81632682,21.0703125,0,0,50,58,0,0
0.332335558,28.70898512,72.84375,,,,,,0
0.236518353,35.66003039,29.8828125,0,0,90,75,0,0
0.078687561,21.8469194,30.43359375,,,,,,0
0.518574219,25.58051544,24.2578125,0,0,79,46,0,0
0.153351768,21.16820114,14.94140625,0,0,52,45,0,0
0.274747404,28.12224043,12.9140625,28,0,57,37,1,0
0.190876688,24.73546587,23.90625,,,,,,0
0.233801049,15.43652112,34.2890625,101,0,16,22,35,0
0.223237943,17.29671785,11.89453125,38,0,32,29,0,0
0.062756965,50.29181803,24.375,0,0,6,60,0,0
0.389683723,25.3576382,30.671875,,,,,,0
0.345713207,30.49595401,14.609375,0,0,27,42,2,0
0.01001413,35.18200575,9.76953125,29,0,30,41,0,0
0.423649693,19.26782894,8.09375,24,0,30,37,0,0
0.189942523,20.70877173,10.3125,,,,,,0
0.478685189,15.92602075,5.9765625,0,0,23,30,0,0
0.028518379,35.91327411,15.984375,0,0,90,5,39,0
0.090532891,33.81722342,11.8828125,19,0,31,39,0,0
0.200800931,34.11494137,12.375,38,0,5,40,8,0
0.456343441,31.11321375,36.09375,0,0,100,50,38,0
0.227722027,32.58185769,31.8828125,30,0,37,49,4,0
0.081958341,36.46210791,10.83203125,0,0,24,47,0,0
0.003666539,43.87802996,11.07421875,26,0,35,45,0,0
0.313818891,21.78751054,16.69921875,0,0,15,11,46,0
0.006296805,39.90169028,8.125,25,0,25,40,0,0
0.115029096,27.38335956,19.5,,,,,,0
0.52257219,26.04052342,9.5625,21,0,12,36,0,0
0.256435633,20.59275609,10.0546875,23,0,28,29,4,0
0.173303235,22.4277306,14.546875,65,0,31,37,1,0
0.027934457,25.26643636,8.59375,24,0,29,40,0,0
0.14775366,38.85688286,18.8984375,27,0,30,50,9,0
0.269390558,41.30568858,34,45,0,36,56,12,0
0.41659539,23.8210009,17.4453125,0,0,23,35,42,0
0.227362146,24.57777078,9.53125,30,0,29,36,4,0
0.102823249,37.98756413,24.12109375,0,0,4,18,47,0
0.003240431,27.62263425,12.71484375,59,0,32,35,0,0
0.23535964,35.28672098,13.25,30,0,32,53,0,0
0.412453267,22.87992203,10.5,0,0,62,42,0,0
0.196834973,20.06326431,9.59765625,17,0,44,39,0,0
0.27663494,22.35790854,22.4609375,,,,,,0
0.190205649,35.47108866,19.09375,22,0,9,44,8,0
0.480907855,30.1206971,24.4375,26,0,11,46,0,0
0.26065447,34.36378179,27.67578125,0,0,26,65,0,0
0.2536893,30.08865561,39.41015625,,,,,,0
0.442048406,29.718593,54.5625,0,0,51,72,0,0
0.411514909,31.44165404,35.234375,72,0,35,53,2,0
0.346922973,20.2540602,28.7109375,,,,,,0
0.239550905,21.59668934,30.625,,,,,,0
0.240571785,30.26012212,20.109375,22,0,36,31,2,0
0.156914113,18.96327498,67.6875,40,0,90,50,7,0
0.172534112,15.46494583,67.8125,,,,,,0
0.117481709,24.1869789,43.4765625,,,,,,0
0.20170653,21.02782205,80.05078125,,,,,,0
0.285371931,25.58984393,33.046875,60,0,22,37,10,0
0.115502804,17.93864221,34.8046875,,,,,,0
0.352241103,23.62079445,29.046875,0,0,12,40,4,0
0.331561176,22.77071906,45.9375,34,0,64,55,1,0
0.221746018,28.72886956,74.12109375,,,,,,0
0.216567803,33.39095085,43.83203125,,,,,,0
0.414279965,24.61448718,38.5078125,0,0,21,51,11,0
0.235277443,21.38429598,35.03125,0,0,17,15,23,0
0.271473044,28.87504376,21.3828125,84,0,4,6,28,0
0.251592391,23.74754691,33.78125,20,0,69,46,0,0
0.223854168,27.08534928,53.125,148,0,50,49,19,0
0.131939704,33.65412044,57.75,0,0,52,48,18,0
0.3426758,25.40351242,78.421875,0,0,60,57,27,0
0.364879944,27.13238603,35.921875,0,0,30,43,1,0
0.007491978,25.29494309,20.7421875,63,0,53,45,0,0
0.312021132,24.21577838,27.4921875,,,,,,0
0.226485101,24.16594307,15.5859375,27,0,42,38,0,0
0.240671103,28.29689682,15.7890625,,,,,,0
0.273646694,33.25031663,14.5546875,0,0,48,26,1,0
0.190078935,28.49193139,17.8125,1,0,21,9,39,0
0.535672553,24.10629597,12.3046875,0,0,33,45,0,0
0.009637751,42.63168473,16.9921875,40,0,45,50,0,0
0.013037284,29.28934018,9.609375,36,0,22,38,3,0
0.017963349,24.32701927,12.65625,0,0,28,44,1,0
0.23327545,28.05149886,28.5546875,0,0,42,41,2,0
0.272659277,23.02071104,37.79296875,0,0,26,43,0,0
0.277084464,26.51783634,23.91796875,106,0,20,8,31,0
0.157336999,32.17158173,33.359375,108,0,29,21,40,0
0.019720766,23.07934582,21.40625,0,0,41,40,0,0
0.265013388,28.21470963,22.8515625,23,0,19,8,31,0
0.292652884,25.1891909,31.75,101,0,24,36,28,0
0.027201589,35.31134975,19.8203125,0,0,60,40,3,0
0.190626654,27.16734905,435.6171875,,,,,,0
0.334197049,21.92868134,167.6835938,,,,,,0
0.375442061,17.66010841,179.5078125,,,,,,0
0.260435754,20.37610417,164.5585938,,,,,,0
0.109664077,38.5555262,130.40625,,,,,,0
0.196364093,30.19992249,571.5585938,,,,,,0
0.263543207,17.21776972,300.328125,,,,,,0
0.130282907,19.06349719,442.8632813,,,,,,0
0.138787813,24.60205644,351.2109375,,,,,,0
0.289223595,18.4740766,219.796875,,,,,,0
0.06793442,31.39693558,54.828125,,,,,,0
0.072311164,23.79127848,120.984375,,,,,,0
0.154817122,15.42969291,274.4726563,,,,,,0
0.283137616,11.97615922,34.5703125,,,,,,0
0.180169082,21.98419019,172.265625,,,,,,0
0.229569058,15.22206848,423.3320313,,,,,,0
0.142964529,15.783086,91.0234375,,,,,,0
0.233491852,19.27070978,94.3359375,,,,,,0
0.277785557,13.19663924,95.15625,,,,,,0
0.220546485,20.86874148,129.8007813,,,,,,0
0.150920662,24.70456249,432.1484375,,,,,,0
0.102158492,22.81900009,170.625,,,,,,0
0.307106505,11.97151641,63.96875,,,,,,0
0.159600598,11.48509361,67.96875,,,,,,0
0.18320584,14.6022875,48.515625,,,,,,0
0.115388177,28.5904137,64.28125,,,,,,0
0.181757726,13.59579071,56.3203125,,,,,,0
0.128825769,16.33861534,201.375,,,,,,0
0.209288107,16.0057459,169.9414063,,,,,,0
0.314480849,19.44572179,164.53125,,,,,,0
0.210038862,28.86343024,84.609375,,,,,,0
0.308333825,22.26322327,90.5625,,,,,,0
0.261137878,30.55055489,224.1210938,,,,,,0
0.193123518,25.20367608,298.7460938,,,,,,0
0.232612004,25.12438744,262.96875,,,,,,0
0.376999629,12.11324205,384.1875,,,,,,0
0.234668514,27.19628642,223.4375,,,,,,0
0.381412725,23.0991561,221.1328125,,,,,,0
0.167756796,32.51771779,160.8359375,,,,,,0
0.345279491,20.56586521,235.40625,,,,,,0
0.307235276,25.9500874,843.9414063,,,,,,0
0.277734665,23.64171891,325.5,,,,,,0
0.325828422,29.65660442,290.5078125,,,,,,0
0.282263448,29.78538369,95.9765625,,,,,,0
0.246224509,28.94433866,61.859375,,,,,,0
0.293713021,26.39825167,73.4765625,,,,,,0
0.239096413,27.6072883,255.0234375,,,,,,0
0.355436511,19.62629654,425.03125,,,,,,0
0.460756847,42.57015,258.5625,,,,,,0
0.3713357,15.09415551,336.9375,,,,,,0
0.536036063,20.24322389,195.6328125,,,,,,0
0.403454188,37.65579916,185.0429688,,,,,,0
0.410862966,23.73290788,248.0234375,,,,,,0
0.429303787,19.43641231,119.375,,,,,,0
0.388426313,11.74506808,227.6367188,,,,,,0
0.265585133,35.16946677,174.65625,,,,,,0
0.3012461,27.47634991,303.515625,,,,,,0
0.405560799,24.81203578,173.390625,,,,,,0
0.14809939,48.20996198,127.875,101,0,32,85,11,0
0.003549646,58.38898477,44.47265625,,,,,,0
0.135291646,35.10321341,255.5,10,0,33,89,135,0
0.054863255,39.57106162,17.359375,0,0,32,88,13,0
0.08629588,74.77125606,51.41015625,0,0,41,61,62,0
0.100655069,41.2292062,86.0625,,,,,,0
0.01500127,47.00871953,103.125,,,,,,0
0.29103732,19.5688371,56.71875,,,,,,0
0.080594672,29.67932378,72.82421875,,,,,,0
0.258444998,16.79477563,20.0625,,,,,,0
0.038767878,39.31724551,48.2109375,,,,,,0
0.326419628,36.75581547,139.5390625,0,0,11,8,98,0
0.247027474,60.26404887,52.20703125,0,0,44,88,11,0
0.000593129,88.77800335,65.9296875,0,0,48,87,10,0
0.104764489,54.27464797,202.5,,,,,,0
0.220590854,29.43640721,134.1210938,,,,,,0
0.164929128,31.36597024,151.734375,,,,,,0
0.092118354,46.10398424,129.765625,,,,,,0
0.186352529,30.23591777,132.703125,,,,,,0
0.308130254,48.95009535,116.90625,0,0,39,75,41,0
0.115421327,54.64423959,58.875,0,0,26,76,20,0
0.341028986,13.62048135,614.765625,,,,,,0
0.342033327,27.57934949,87.5859375,,,,,,0
0.461331204,29.41024373,114.4296875,,,,,,0
0.322626172,40.55086545,121.4296875,,,,,,0
0.25679895,18.32434529,567.734375,,,,,,0
0.311770991,31.09884039,151.03125,,,,,,0
0.17975292,18.07109052,113.3359375,,,,,,0
0.255149208,22.9389763,364.6875,,,,,,0
0.455087211,33.03668401,118.671875,,,,,,0
0.360924283,35.83274989,155.359375,,,,,,0
0.333618633,30.97758827,16.65234375,0,0,37,36,51,0
0.012232608,65.16077278,23.7890625,0,0,103,58,0,0
0.068556388,62.39912849,21.19921875,0,0,65,81,0,0
0.411829609,26.24043491,9.31640625,0,0,51,45,0,0
0.017582753,34.00084071,12.4921875,,,,,,0
0.244629839,45.98819143,17.71875,0,0,70,63,0,0
0.000461512,85.77358166,9.34375,0,0,90,26,0,0
0.002904701,65.64255587,20.5859375,0,0,83,62,0,0
0.212073712,42.53028123,21.95703125,0,0,75,73,0,0
0.357023454,42.41467114,12.65234375,0,0,77,41,0,0
0.098698586,27.56270378,18.6875,,,,,,0
0.331371144,25.90829387,8.7890625,0,0,73,30,0,0
0.005422803,77.09039978,16.171875,0,0,67,60,0,0
0.009526147,52.77955656,15.50390625,0,0,79,49,0,0
0.011628347,35.59891733,15.52734375,0,0,73,53,0,0
0.021573037,40.28239905,11.69140625,0,0,71,41,0,0
0.003005098,92.66465031,20.8125,0,0,72,72,0,0
0.434637841,24.5391688,8.68359375,0,0,55,39,0,0
0.004106553,100.2322301,20.12109375,0,0,99,51,0,0
0.245285168,19.77161818,6.79296875,0,0,45,37,0,0
0.002889583,85.38149682,12.28515625,0,0,83,37,0,0
0.004274882,43.14322305,14.6484375,,,,,,0
0.005947268,49.52756353,15.0390625,0,0,53,70,0,0
0.308572335,58.4374631,63.75,95,0,46,80,0,0
0.253843891,33.00919503,16.75,0,0,65,64,0,0
0.456032736,42.09337199,46.265625,66,0,73,82,2,0
0.049252811,45.20374963,40.5,0,0,94,108,0,0
0.321659666,44.10096784,99.234375,84,0,9,8,79,0
0.404770466,34.06762285,17.1953125,0,0,60,71,0,0
0.006791382,74.43709304,37.6484375,0,0,58,77,2,0
0.017086496,51.80404138,19.25,0,0,54,88,0,0
0.265556965,49.53906321,19.921875,0,0,58,85,0,0
0.222152132,51.58353877,110,,,,,,0
0.183507794,44.770002,47.90625,76,0,68,84,0,0
0.003553973,61.70105547,21.078125,0,0,69,76,0,0
0.261534196,55.04965369,95.625,0,0,68,86,4,0
0.003152189,83.6349341,62.2265625,0,0,43,124,11,0
0.283120464,39.12667927,49.0078125,,,,,,0
0.464430581,44.29727813,20.15625,0,0,58,86,0,0
0.275612035,32.38944296,21,0,0,62,84,0,0
0.003532553,47.9260644,16.53515625,0,0,49,83,0,0
0.187181936,66.54010464,114.3125,0,0,83,105,19,0
0.009534309,62.44681062,28.5546875,11,0,9,33,53,0
0.373572244,50.51284857,85.1875,0,0,14,93,23,0
0.000603777,51.68526235,18.5625,0,0,52,88,0,0
0.006091997,101.3122733,24.25,0,0,62,97,0,0
0.005866519,38.76991822,10.1953125,0,0,43,58,0,0
0.001194677,89.28896311,22.1484375,0,0,43,126,0,0
0.002309147,50.76904415,24.12890625,0,0,85,71,0,0
0.004624098,96.95573786,20.51171875,0,0,57,89,0,0
0.006016196,55.92636298,25.49609375,0,0,59,107,0,0
0.285089463,80.71868019,66.015625,0,0,75,118,12,0
0.150039007,35.22823796,22.5,0,0,62,90,0,0
0.435779696,45.26730658,28.7109375,0,0,73,98,0,0
0.434397725,71.01211439,70.78125,96,0,53,102,18,0
0.000299354,45.0222061,15.859375,0,0,56,70,0,0
0.313816707,60.36172246,95.703125,0,0,53,59,81,0
0.004026869,85.62212938,43.84375,0,0,90,122,0,0
0.003524225,80.54241452,70.09765625,0,0,97,86,11,0
0.401793605,45.46161409,34.59375,,,,,,0
0.260442175,40.41796219,76.5,,,,,,0
0.000856456,56.4835396,41.4140625,,,,,,0
0.143013532,47.89020573,72.31640625,66,0,48,87,12,0
0.048854794,53.52406549,25.23828125,0,0,89,71,0,0
0.001642608,70.64122615,27.0703125,0,0,68,99,0,0
0.12269933,56.13312867,40.67578125,0,0,87,117,0,0
0.364046158,41.25823803,150.078125,,,,,,0
