curvature,strokewidth,density,x,y,w,h,distance,curvature_LogValue,strokewidth_LogValue,distance_LogValue,density_LogValue,class
0.072610105,71.3242268,59.47265625,0,0,93,105,0,-2.62265118,4.267236057,#NAME?,4.085516648,1
0.000189141,47.1009554,25.03125,0,0,70,89,0,-8.573017789,3.852293285,#NAME?,3.220125044,1
0.296046497,66.02920468,68.140625,162,0,14,94,4,-1.217238753,4.190097139,1.386294361,4.221573584,1
0.412435122,60.9491708,78.4921875,0,0,113,102,0,-0.885676366,4.110040251,#NAME?,4.362999098,1
0.16569662,53.4157993,158.078125,38,0,33,111,23,-1.797596753,3.978106569,3.135494216,5.063089373,1
0.038829645,31.76325571,8.56640625,0,0,49,43,0,-3.248571278,3.458310141,#NAME?,2.147848304,1
0.360494442,47.51576077,117.140625,138,0,37,67,35,-1.02027874,3.861061462,3.555348061,4.763375136,1
0.321798007,46.07122771,50.63671875,0,0,41,47,40,-1.133831238,3.830188627,3.688879454,3.92467698,1
0.165638507,42.58776382,57.234375,117,0,43,72,2,-1.797947534,3.751566978,0.693147181,4.047154679,1
0.013173121,43.73153221,53.4921875,122,0,43,63,19,-4.329576813,3.778069403,2.944438979,3.979535615,1
0.271226822,47.19177261,74.6796875,0,0,50,121,0,-1.304799827,3.854219568,#NAME?,4.313208134,1
0.005291406,57.16690379,80.4296875,0,0,89,104,41,-5.241671284,4.045975126,3.713572067,4.387383356,1
0.169121135,64.44348323,195.25,0,0,41,95,47,-1.777140046,4.165788611,3.850147602,5.274280789,1
0.241470589,63.11730573,250.6875,66,0,6,68,123,-1.421007598,4.144994991,4.812184355,5.524207144,1
0.087196814,57.72569146,103.6445313,0,0,39,89,80,-2.439587485,4.055702334,4.382026635,4.640967076,1
0.17404655,70.77942133,166.03125,0,0,74,113,25,-1.748432487,4.259568299,3.218875825,5.112176024,1
0.342417002,51.66686757,204.7617188,50,0,15,94,79,-1.071725981,3.944816717,4.369447852,5.321846956,1
0.002452315,121.7456559,25.828125,0,0,56,114,0,-6.010722803,4.801934081,#NAME?,3.251464014,1
0.100843768,52.67874029,42.6015625,0,0,47,82,0,-2.294182811,3.964211964,#NAME?,3.751890931,1
0.003694005,66.73887594,85.78125,66,0,5,43,140,-5.601044044,4.200787631,4.941642423,4.451800451,1
0.000494037,117.1497108,21.66796875,0,0,41,128,1,-7.612900145,4.763452696,0,3.075835076,1
0.040236558,89.41582593,25.390625,0,0,48,130,0,-3.212979294,4.49329769,#NAME?,3.234380011,1
0.00340861,77.82903088,141.7109375,59,0,8,87,100,-5.681450695,4.354514509,4.605170186,4.953789331,1
0.256256288,46.0475575,155.7226563,168,0,6,37,82,-1.36157721,3.829674721,4.406719247,5.048076581,1
0.111845136,63.41445456,202.3515625,9,0,55,96,22,-2.190640079,4.149691825,3.091042453,5.310006593,1
0.122164298,57.95824023,167.9414063,0,0,60,153,0,-2.102388435,4.059722755,#NAME?,5.123615147,1
0.272009927,56.63643249,37.609375,0,0,81,116,0,-1.301916717,4.036652462,#NAME?,3.627253354,1
0.123107527,40.01721985,195.46875,184,0,39,136,3,-2.094697102,3.689309858,1.098612289,5.27540052,1
0.224317013,54.31470899,100.1992188,93,0,39,105,8,-1.494694991,3.994795074,2.079441542,4.607160392,1
0.076220775,63.69577776,94.5,155,0,59,94,18,-2.574121216,4.154118277,2.890371758,4.548599834,1
0.102492703,62.66179955,79.109375,111,0,53,106,16,-2.277963673,4.137752004,2.772588722,4.370831389,1
0.016769813,60.52256624,27.34375,0,0,68,100,0,-4.088174854,4.103016291,#NAME?,3.308487984,1
0.006223051,42.45452721,9.76953125,0,0,39,61,0,-5.079494978,3.748433555,#NAME?,2.279268486,1
0.239056918,40.7876337,32.64453125,96,0,39,59,2,-1.431053605,3.70837894,0.693147181,3.485677346,1
0.360907885,37.71669007,19.12890625,40,0,41,59,0,-1.019132519,3.630102704,#NAME?,2.951200607,1
0.002747845,44.98325976,10.15625,34,0,14,52,0,-5.896938311,3.806290415,#NAME?,2.31808928,1
0.316795237,26.77787512,45.53125,153,0,33,49,13,-1.149499654,3.287575991,2.564949357,3.818398903,1
0.489080959,25.93897327,8.48828125,0,0,39,53,0,-0.715227243,3.255746597,#NAME?,2.138686536,1
0.237259269,49.14412457,32.90625,0,0,55,72,0,-1.438601774,3.894757299,#NAME?,3.493662609,1
0.44842406,41.09957707,30.28125,0,0,55,76,0,-0.802015932,3.715997831,#NAME?,3.410528709,1
0.164522392,41.87359722,27.71484375,32,0,32,55,0,-1.804708596,3.73465549,#NAME?,3.321968145,1
0.000871295,44.38282355,10.75,0,0,41,64,0,-7.045529947,3.792852538,#NAME?,2.374905755,1
0.007918543,41.96776189,13.078125,54,0,37,36,0,-4.838548055,3.736901749,#NAME?,2.570940987,1
0.194324222,31.46908155,12.94921875,54,0,9,43,8,-1.638227267,3.449005526,2.079441542,2.561035458,1
0.370949955,28.72311561,35.21875,85,0,97,46,3,-0.991688118,3.357702221,1.098612289,3.561578611,1
0.303939967,40.36066905,11.7578125,0,0,41,70,0,-1.190925074,3.697855772,#NAME?,2.464517913,1
0.454667445,31.11197992,22.84375,51,0,33,51,17,-0.788189017,3.437592951,2.833213344,3.128677557,1
0.005211178,39.40525622,20.5078125,47,0,26,53,17,-5.256949345,3.673899214,2.833213344,3.020805911,1
0.003833919,45.23328815,20.5,0,0,43,57,7,-5.563867761,3.811833279,1.945910149,3.020424886,1
0.350752854,47.78966595,23.203125,0,0,88,66,0,-1.047673423,3.866809423,#NAME?,3.144286968,1
0.323769026,46.67046946,35.8359375,98,0,39,63,3,-1.1277249,3.843111619,1.098612289,3.578951231,1
0.371593466,44.52680742,25.9140625,46,0,37,52,10,-0.989954856,3.796091422,2.302585093,3.254785775,1
0.415999104,41.76607753,39.5,101,0,55,63,1,-0.877072173,3.732084468,0,3.676300672,1
0.222560234,70.66205981,48.7109375,0,0,143,86,0,-1.502557499,4.257908793,#NAME?,3.885903594,1
0.031595768,31.4424211,33,53,0,27,42,6,-3.454732091,3.448157972,1.791759469,3.496507561,1
0.145675675,61.63084779,32.8125,0,0,58,79,61,-1.926372532,4.121162521,4.110873864,3.49080954,1
0.000683105,40.46318782,17.47265625,0,0,61,71,0,-7.288861977,3.700392618,#NAME?,2.860637159,1
0.335587892,56.82582716,20.1171875,0,0,48,103,0,-1.091871384,4.039990926,#NAME?,3.001574549,1
0.417516871,36.46306276,31.9921875,72,0,31,60,18,-0.873430326,3.596299769,2.890371758,3.465491732,1
0.004182677,48.70547578,13.58984375,0,0,47,71,0,-5.476803807,3.885791463,#NAME?,2.609322731,1
0.339955025,28.41960554,74.9609375,174,0,26,57,38,-1.07894195,3.347079243,3.63758616,4.316967145,1
0.061182151,35.38782726,36.65625,0,0,39,50,1,-2.793899782,3.566367898,0,3.601583946,1
0.003574066,52.70522095,29.2578125,0,0,52,70,0,-5.634051396,3.96471452,#NAME?,3.376146632,1
0.005895743,31.71678449,18.26171875,35,0,48,46,9,-5.133524714,3.45684602,2.197224577,2.904806997,1
0.003066909,30.31412815,10.15625,0,0,50,50,0,-5.787085065,3.411613879,#NAME?,2.31808928,1
0.164372492,45.43991816,45.1640625,0,0,57,82,0,-1.805620134,3.816390973,#NAME?,3.810301693,1
0.253741254,39.24702453,73.125,151,0,55,64,26,-1.371440216,3.669875633,3.258096538,4.292170306,1
0.008724352,36.23581669,12.55078125,14,0,47,51,0,-4.741637083,3.590048041,#NAME?,2.529782915,1
0.327176722,29.22146276,83.203125,208,0,48,68,3,-1.11725482,3.374903465,1.098612289,4.421284907,1
0.401698341,40.00787212,146.8125,328,0,18,54,54,-0.912053868,3.689076238,3.988984047,4.989156262,1
0.314195119,41.80014538,126.1210938,24,0,10,7,76,-1.157741088,3.732899818,4.33073334,4.837242507,1
0.326877555,49.32296996,103.3203125,0,0,65,115,0,-1.118169628,3.898389895,#NAME?,4.637833993,1
0.240878308,28.07560867,40.734375,116,0,40,58,8,-1.423463419,3.334901181,2.079441542,3.707072331,1
0.002673188,49.90274666,68.25390625,119,0,52,85,16,-5.924483511,3.910076045,2.772588722,4.223234667,1
0.00637459,29.45431431,8.96484375,0,0,49,45,0,-5.055435504,3.382840395,#NAME?,2.193310678,1
0.012622546,42.73197481,16.96484375,0,0,41,101,0,-4.372270699,3.754947465,#NAME?,2.831143188,1
0.046300993,23.8152283,20.51953125,0,0,29,33,70,-3.072591871,3.170325221,4.248495242,3.021377176,1
0.010821637,45.31220452,10.140625,0,0,42,59,0,-4.526207723,3.813576412,#NAME?,2.316549633,1
0.095894791,38.73394268,110.3320313,0,0,49,72,33,-2.344503616,3.656716287,3.496507561,4.703494286,1
0.004570345,44.45692693,24.609375,0,0,48,126,0,-5.388166585,3.794520786,#NAME?,3.203127468,1
0.053755784,5.866340966,8.3828125,0,0,11,17,12,-2.923304008,1.769231095,2.48490665,2.126183479,1
0.004455029,11.15515827,22.546875,39,0,18,34,5,-5.413721709,2.411902016,1.609437912,3.115596475,1
0.004385713,11.65426737,23.375,0,0,14,26,18,-5.429403067,2.455672411,2.890371758,3.151667075,1
0.010357789,7.902614447,13.8046875,26,0,17,29,9,-4.570016482,2.067193647,2.197224577,2.625008208,1
0.018301987,9.936104622,10.5703125,0,0,17,23,10,-4.000745646,2.296175055,2.302585093,2.358049364,1
0.036833808,6.710015509,11.23046875,12,0,19,24,1,-3.30133916,1.903601262,0,2.418630509,1
0.077149493,10.3956313,36.09375,5,0,138,29,4,-2.562010272,2.341385651,1.386294361,3.58611972,1
0.061111323,13.38965702,22.65625,0,0,112,29,0,-2.795058111,2.594482545,#NAME?,3.120435752,1
0.050257883,6.313444917,17.0859375,0,0,162,27,0,-2.990587869,1.842681473,#NAME?,2.838255757,1
0.004415069,6.461217757,12.203125,0,0,10,19,3,-5.422731817,1.865817807,1.098612289,2.501692066,1
0.004695621,7.270023967,9.7265625,27,0,13,19,11,-5.361124907,1.983759588,2.397895273,2.274860545,1
0.009833672,6.572617646,8.765625,0,0,9,17,5,-4.621942864,1.882912177,1.609437912,2.170837822,1
0.007564022,8.366996264,10.828125,49,0,15,22,0,-4.88435222,2.124294951,#NAME?,2.382146916,1
0.035070175,9.095813394,8.078125,49,0,15,22,0,-3.350404225,2.207814241,#NAME?,2.089159791,1
0.050162191,5.995166452,7.421875,27,0,7,17,8,-2.992493703,1.790953553,2.079441542,2.004431721,1
0.069464995,10.09493764,16.50390625,0,0,169,25,0,-2.666932322,2.312034074,#NAME?,2.803597095,1
0.055349224,12.96067753,12.4609375,0,0,108,29,0,-2.89409264,2.561919968,#NAME?,2.522598751,1
0.025932621,10.54078325,13.40625,0,0,156,22,0,-3.652253605,2.355251852,#NAME?,2.595721016,1
0.010988984,11.60844281,17.671875,0,0,156,29,0,-4.510861963,2.451732662,#NAME?,2.871974393,1
0.003223094,7.921625112,16.6640625,0,0,158,27,0,-5.737413511,2.069596376,#NAME?,2.813254455,1
0.006355508,53.07420853,13.609375,0,0,65,52,0,-5.05843344,3.971691095,#NAME?,2.610758893,1
0.050706119,18.73713942,13.7109375,0,0,32,59,19,-2.981708685,2.930507619,2.944438979,2.618193872,1
0.101583162,13.92597445,4.64453125,0,0,39,29,0,-2.286877486,2.633755762,#NAME?,1.535690452,1
0.258051127,11.78034204,15.44140625,42,0,15,7,60,-1.354597547,2.466432213,4.094344562,2.737052619,1
0.005281555,30.25716555,13.78125,31,0,30,56,0,-5.243534717,3.409733034,#NAME?,2.623308973,1
0.357678079,49.17229673,25.59375,0,0,70,91,0,-1.028121918,3.89533039,#NAME?,3.242348181,1
0.004676638,61.33711313,18.6328125,0,0,43,106,0,-5.365175803,4.116385094,#NAME?,2.924924139,1
0.002141728,66.37572275,25.703125,11,0,81,70,0,-6.146142299,4.195331368,#NAME?,3.24661258,1
0.00453725,42.24249379,12.67578125,0,0,39,59,0,-5.395434177,3.743426676,#NAME?,2.539693185,1
0.135462622,18.5132332,36.75,0,0,12,80,18,-1.999059529,2.918485784,2.890371758,3.604138226,1
0.285898052,55.25608155,19.16015625,0,0,43,109,0,-1.252119993,4.011978408,#NAME?,2.952832928,1
0.231105613,40.19177521,86.42578125,0,1,46,60,64,-1.464880474,3.693662378,4.158883083,4.459286025,1
0.236134807,50.03893578,79.19140625,73,0,74,65,32,-1.443352421,3.912801418,3.465735903,4.371867786,1
0.011518806,58.17162767,29.109375,0,0,79,92,0,-4.463774275,4.063397739,#NAME?,3.371060287,1
0.040869842,14.81869326,6.4453125,3,0,10,17,13,-3.197362847,2.695889442,2.564949357,1.863353122,1
0.202139717,32.75041668,28.3359375,0,0,38,58,4,-1.598796152,3.488915685,1.386294361,3.344130875,1
0.002638822,54.20037878,15.6328125,0,0,56,69,0,-5.937422674,3.992687897,#NAME?,2.749372071,1
0.002864693,50.21784357,48.09375,0,0,65,70,11,-5.85529409,3.916370413,2.397895273,3.873152231,1
0.003092011,62.72218352,22.37109375,0,0,67,83,0,-5.778933591,4.138715189,#NAME?,3.107769668,1
0.010919485,47.39799555,39.6015625,0,0,53,69,5,-4.517206471,3.85857994,1.609437912,3.678868575,1
0.010323366,22.73519262,13.88671875,0,1,25,32,46,-4.573345409,3.12391406,3.828641396,2.630932898,1
0.00327741,101.1213934,24.96484375,0,0,75,83,0,-5.720701803,4.61632171,#NAME?,3.217468585,1
0.005795435,70.4161791,26.4140625,0,0,96,69,0,-5.15068474,4.254423054,#NAME?,3.273896539,1
0.214176588,38.79433365,89.03125,4,0,7,6,82,-1.540954427,3.658274196,4.406719247,4.488987432,1
0.220053464,40.8482364,25.3125,0,0,70,90,0,-1.513884744,3.709863648,#NAME?,3.231298345,1
0.387939105,12.37826187,10.875,0,0,41,21,11,-0.946906898,2.515941859,2.397895273,2.386466577,1
0.203712096,36.75592272,67.921875,50,0,62,61,31,-1.591047576,3.604299375,3.433987204,4.218358148,1
0.260487592,34.43935376,13.546875,0,0,49,68,0,-1.34520005,3.539199915,#NAME?,2.606155893,1
0.241430002,28.39282366,16.76953125,0,0,51,81,0,-1.421175695,3.346136425,#NAME?,2.819563624,1
0.005841214,43.13488226,19.13671875,0,0,69,69,0,-5.142816627,3.764332003,#NAME?,2.951608937,1
0.004179286,55.83698474,22.8515625,0,0,88,65,0,-5.47761486,4.022436459,#NAME?,3.129019496,1
0.024842195,24.12032508,30.80078125,0,1,81,94,0,-3.69521166,3.183054849,#NAME?,3.427540055,1
0.194414297,39.71321836,81.37890625,0,0,33,46,37,-1.637763845,3.681684088,3.610917913,4.399116102,1
0.192191091,31.98160524,28.25,0,0,33,45,19,-1.649265136,3.465160901,2.944438979,3.341093458,1
0.38737033,30.21692919,25.0078125,38,0,27,49,17,-0.948374118,3.408402337,2.833213344,3.219188276,1
0.004487898,30.28360054,13.60546875,0,0,37,42,1,-5.406370838,3.41060633,0,2.610471826,1
0.002157239,27.91019046,14.015625,0,0,10,33,13,-6.138926116,3.328991872,2.564949357,2.640172779,1
0.032809476,23.22220741,12.9609375,0,0,43,33,9,-3.417037903,3.145109037,2.197224577,2.561940026,1
0.090281986,29.27247672,30.65625,0,0,45,48,24,-2.404817329,3.376647713,3.17805383,3.422836557,1
0.186171169,31.03736897,49.5703125,31,0,36,66,28,-1.681088765,3.435191929,3.33220451,3.903392116,1
0.170501961,19.61122924,45.8671875,0,0,34,43,14,-1.769008481,2.976102323,2.63905733,3.825749992,1
0.392595802,23.8235329,27.45703125,0,0,21,42,29,-0.93497469,3.170673869,3.36729583,3.312622283,1
0.326304916,26.39879466,58.5703125,21,0,71,49,0,-1.11992301,3.273318352,#NAME?,4.070227956,1
0.122421927,16.99485223,14.84375,47,0,51,24,14,-2.100281783,2.832910488,2.63905733,2.697578901,1
0.027097552,18.36942129,11.80078125,24,0,27,43,14,-3.608311887,2.910687396,2.63905733,2.468165737,1
0.184730533,33.53210396,23.8359375,0,0,27,54,0,-1.688857094,3.512503307,#NAME?,3.171194421,1
0.007634761,21.20262744,26.625,64,0,30,48,0,-4.875043644,3.05412511,#NAME?,3.281850624,1
0.132944543,20.09388823,25.09375,0,0,19,44,0,-2.017823208,3.000415701,#NAME?,3.222618811,1
0.446604731,27.44755466,26.296875,0,0,28,51,0,-0.806081346,3.312277081,#NAME?,3.269450111,1
0.056565902,21.09674907,33.140625,37,0,25,20,64,-2.872348913,3.049118956,4.158883083,3.500759871,1
0.05723273,41.62784405,24.08203125,0,0,30,45,0,-2.860629341,3.728769271,#NAME?,3.181465971,1
0.321471211,27.43485255,15.421875,0,0,26,42,5,-1.134847285,3.311814196,1.609437912,2.735786956,1
0.096611026,25.45831264,19.125,30,0,22,51,0,-2.337062403,3.237042316,#NAME?,2.95099638,1
0.164557522,19.52129501,14.6875,0,0,24,45,2,-1.804495092,2.971505922,0.693147181,2.686996792,1
0.012611596,29.57974947,12.9375,56,0,34,36,0,-4.373138571,3.387089988,#NAME?,2.560130071,1
0.376545664,25.73390031,11.05078125,0,0,5,35,6,-0.976715954,3.247809201,1.791759469,2.402501127,1
0.253127216,27.23203825,42.63671875,0,0,48,45,14,-1.373863087,3.304394157,2.63905733,3.752715825,1
0.337177402,28.56735776,16.36328125,0,0,69,59,0,-1.087146072,3.352264729,#NAME?,2.795039876,1
0.160927997,30.0937875,13.125,0,0,35,39,1,-1.826798238,3.404318755,0,2.574518808,1
0.416958614,19.69549577,69.359375,0,0,34,46,0,-0.874768309,2.980389968,#NAME?,4.239301321,1
0.26756072,21.32828478,13.53515625,0,0,26,35,0,-1.318408748,3.060034116,#NAME?,2.605290467,1
0.270602029,37.73630825,22.6875,57,0,29,66,0,-1.307106065,3.630622715,#NAME?,3.121814112,1
0.008418573,26.66411346,13.60546875,42,0,37,43,0,-4.777314943,3.283318596,#NAME?,2.610471826,1
0.512270889,23.74236704,24.84375,96,0,22,40,13,-0.668901714,3.167261091,2.564949357,3.212606212,1
0.002300063,41.671101,16.859375,0,0,50,83,0,-6.074818765,3.729807867,#NAME?,2.824906882,1
0.559949824,28.26283617,17.0546875,0,0,31,59,0,-0.579908099,3.341547732,#NAME?,2.836425093,1
0.111538378,42.79948043,17.609375,0,0,4,46,3,-2.19338655,3.756525963,1.098612289,2.868431431,1
0.355068637,37.88025549,25.34765625,0,0,31,63,0,-1.035444165,3.634430013,#NAME?,3.23268627,1
0.160600997,35.60382385,39.046875,0,1,25,67,0,-1.82883227,3.572453044,#NAME?,3.664762847,1
0.161022911,36.94826155,49.28125,0,0,52,76,0,-1.82620862,3.609518598,#NAME?,3.897543684,1
0.011350854,32.37603518,12.30078125,37,0,28,47,0,-4.478462296,3.477418494,#NAME?,2.509662777,1
0.130696374,27.65594782,48.2578125,122,0,38,57,1,-2.034878402,3.319840816,0,3.876557732,1
0.099418062,29.54852897,49.3203125,0,0,35,52,7,-2.308421472,3.386033962,1.945910149,3.898336014,1
0.321131602,31.91290026,70.3125,331,0,27,46,4,-1.135904265,3.463010325,1.386294361,4.252949592,1
0.153598297,25.94018659,45.3515625,91,0,34,53,1,-1.873414546,3.255793372,0,3.81444463,1
0.238662001,31.95417636,47.4375,94,0,32,45,1,-1.43270695,3.464302888,0,3.859413055,1
0.381161375,28.29483262,42.65625,130,0,36,59,6,-0.964532437,3.342679195,1.791759469,3.753173805,1
0.006603986,33.95010159,37.71875,37,0,35,67,1,-5.020081873,3.524891846,0,3.630157318,1
0.005987118,38.57405235,16.203125,0,0,20,55,6,-5.118145118,3.652579832,1.791759469,2.785204125,1
0.25361312,59.18460889,21.984375,36,0,29,84,0,-1.371945323,4.080661523,#NAME?,3.090331974,1
0.334758113,33.7692509,13.40625,35,0,29,47,5,-1.094347059,3.519550652,1.609437912,2.595721016,1
0.050248714,48.97523362,18.3515625,0,0,35,54,0,-2.990770324,3.891314734,#NAME?,2.909714721,1
0.079687301,39.48459326,91.65234375,15,0,38,43,36,-2.529645041,3.675910552,3.583518938,4.518002547,1
0.138089059,37.88054025,68.2265625,0,0,22,89,34,-1.979856447,3.63443753,3.526360525,4.222833968,1
0.345333361,32.7893676,61.7578125,123,0,23,50,12,-1.063245065,3.490104304,2.48490665,4.123220486,1
0.012484461,51.00790638,51.40625,107,0,45,51,19,-4.383270528,3.931980648,2.944438979,3.93975976,1
0.03981779,30.6479736,42.40625,0,0,23,59,0,-3.223441482,3.422566546,#NAME?,3.747295757,1
0.259662165,18.98301835,7.96875,0,0,26,37,3,-1.348373858,2.943544808,1.098612289,2.075527642,1
0.007236855,36.01321648,26.15625,27,0,26,67,5,-4.928568559,3.583885996,1.609437912,3.264088168,1
0.009141796,24.91315735,25.265625,24,0,35,38,4,-4.694898414,3.215396072,1.386294361,3.229444776,1
0.126883934,33.50705056,36.81640625,79,0,40,63,2,-2.064482516,3.511755881,0.693147181,3.605943568,1
0.005523488,23.32303748,28.65234375,105,0,7,43,2,-5.198745734,3.149441605,0.693147181,3.355235246,1
0.254987579,24.82837884,34.2109375,139,0,10,34,24,-1.366540445,3.211987307,3.17805383,3.532545403,1
0.10740831,16.2199048,15.29296875,14,0,29,28,1,-2.231117726,2.786239179,0,2.727393164,1
0.002370625,44.09256573,26.82421875,78,0,29,59,4,-6.044601646,3.786291191,1.386294361,3.289305164,1
0.099169367,23.86588085,27.734375,115,0,25,42,8,-2.310926113,3.172449859,2.079441542,3.322672619,1
0.002703901,50.19978379,37.171875,0,0,47,78,0,-5.913059734,3.91601072,#NAME?,3.615552427,1
0.017291595,31.86069656,30.99609375,0,0,22,62,7,-4.057534734,3.461373167,1.945910149,3.433861188,1
0.011398802,38.21798216,18.83984375,31,0,33,52,1,-4.474247017,3.643306142,0,2.935973976,1
0.372108388,28.07920049,17.53125,0,0,31,66,0,-0.988570102,3.335029106,#NAME?,2.863985003,1
0.002309677,36.80709341,11.4375,0,0,46,61,0,-6.070647591,3.605690582,#NAME?,2.436897431,1
0.018462468,30.71049505,18.3515625,0,0,48,47,7,-3.992015364,3.424604454,1.945910149,2.909714721,1
0.334644076,29.86907429,63.53125,43,0,60,55,21,-1.094687772,3.39682364,3.044522438,4.151531911,1
0.072371909,31.34166431,32.07421875,82,0,35,45,24,-2.625937052,3.44494834,3.17805383,3.468052553,1
0.07184581,38.61375057,24.3359375,35,0,30,70,0,-2.633232984,3.653608445,#NAME?,3.191954167,1
0.495285282,32.78661575,24.375,22,0,33,60,0,-0.702621355,3.490020376,#NAME?,3.193558017,1
0.001410724,34.59899561,21.19921875,47,0,32,67,0,-6.563652231,3.543824653,#NAME?,3.05396433,1
0.014591359,51.76151988,24.99609375,0,0,40,71,10,-4.227325775,3.946647014,2.302585093,3.218719563,1
0.015524802,30.57012491,16.50390625,36,0,27,65,0,-4.165316405,3.420023222,#NAME?,2.803597095,1
0.003985688,57.09926334,16.25390625,0,0,55,73,0,-5.525045334,4.044791215,#NAME?,2.788333265,1
0.055926441,57.45716932,55.06640625,63,0,34,66,61,-2.883718005,4.051039789,4.110873864,4.008539843,1
0.328341334,31.57931838,16.03125,0,0,40,54,0,-1.113701559,3.452502425,#NAME?,2.774539942,1
0.003956239,31.48248749,25.390625,89,0,34,52,0,-5.532461452,3.449431439,#NAME?,3.234380011,1
0.000834767,57.50450979,20.9375,35,0,40,55,12,-7.088357914,4.051863376,2.48490665,3.04154181,1
0.004449298,32.08708943,20.5,41,0,39,64,0,-5.415008948,3.468453751,#NAME?,3.020424886,1
0.001589766,46.55650483,33.76953125,0,0,42,95,0,-6.444168443,3.840666733,#NAME?,3.519558954,1
0.009520221,47.42267305,15.28515625,0,0,41,91,0,-4.654337216,3.859100449,#NAME?,2.726882178,1
0.278192065,31.38007101,59.4609375,0,0,30,86,0,-1.279443523,3.44617301,#NAME?,4.085319584,1
0.003065713,57.29146496,51.57421875,95,0,39,81,0,-5.78747511,4.048151659,#NAME?,3.943021911,1
0.003846239,42.09439058,20.7421875,8,0,22,44,15,-5.560659491,3.739914491,2.708050201,3.03216967,1
0.2252525,21.70397266,27.75390625,40,0,5,49,0,-1.490533284,3.077495316,#NAME?,3.323376596,1
0.176104273,29.63182623,92.1875,138,0,30,57,2,-1.736678999,3.388848994,0.693147181,4.523824547,1
0.188116921,26.41551507,62.78125,241,0,7,4,52,-1.670691589,3.27395153,3.951243719,4.139656462,1
0.08790691,23.10272861,29.7421875,93,0,5,7,40,-2.431476865,3.139950732,3.688879454,3.392566492,1
0.254943907,28.44410149,41.63671875,0,0,5,50,1,-1.366711731,3.34794081,0,3.72898244,1
0.136646244,24.23926124,58.3984375,91,0,25,54,11,-1.990359853,3.187973684,2.397895273,4.067289134,1
0.337366342,31.97497481,64.5703125,97,0,26,52,6,-1.086585871,3.46495356,1.791759469,4.167754746,1
0.13758123,26.17125798,18.421875,93,0,36,36,0,-1.983540773,3.264661785,#NAME?,2.913538817,1
0.033882908,21.86681245,37.109375,159,0,29,50,0,-3.384844581,3.084970074,#NAME?,3.613869633,1
0.007749728,31.1877261,48.62890625,103,0,11,52,7,-4.860097533,3.440024623,1.945910149,3.884218133,1
0.174873399,29.31558128,78.22265625,0,0,47,65,10,-1.743693001,3.378119159,2.302585093,4.359559327,1
0.001242928,28.14306405,51.2109375,113,0,32,45,12,-6.690285393,3.337300932,2.48490665,3.935953132,1
0.291718784,26.62949525,11.67578125,0,0,21,49,0,-1.231965009,3.282019445,#NAME?,2.457516718,1
0.031387553,19.19990148,12.26171875,0,0,14,33,10,-3.461343866,2.954905148,2.302585093,2.506482112,1
0.001355155,128.8802754,128,0,0,510,64,0,-6.60383944,4.858883876,#NAME?,4.852030264,1
0.010203265,26.30046021,10.5625,23,0,27,52,0,-4.585047512,3.269586438,#NAME?,2.357309993,1
0.10614427,30.8352288,31.171875,93,0,21,52,5,-2.242956073,3.428657829,1.609437912,3.439516246,1
0.071360569,46.81866533,58.45703125,167,0,18,50,23,-2.640009817,3.846281955,3.135494216,4.068291976,1
0.152831544,36.54293601,74.51171875,0,0,44,55,54,-1.878418984,3.598487898,3.988984047,4.310956412,1
0.09176083,27.98417863,133.6289063,0,0,32,79,102,-2.388569761,3.331639302,4.624972813,4.895066602,1
0.254581492,39.21705777,32.34375,0,0,12,61,11,-1.36813429,3.669111799,2.397895273,3.476420803,1
0.094665744,26.95756264,28.79296875,0,0,25,44,19,-2.357403076,3.294263875,2.944438979,3.360131217,1
0.276577539,30.91834882,35.8359375,0,0,70,66,0,-1.285264067,3.431349821,#NAME?,3.578951231,1
0.084978908,23.39748167,74.5078125,151,0,34,102,0,-2.465352194,3.152628396,#NAME?,4.310903986,1
0.075280229,33.99214744,40.33203125,63,0,7,50,9,-2.586537742,3.52612954,2.197224577,3.697145973,1
0.170847485,40.70125226,77.4375,121,0,45,89,29,-1.766984021,3.70625886,3.36729583,4.349471159,1
0.173835428,42.37183651,62.765625,103,0,47,74,4,-1.749646243,3.746483908,1.386294361,4.139407551,1
0.321392276,32.68616137,50.6953125,37,0,71,73,30,-1.135092858,3.486951789,3.401197382,3.925833451,1
0.42725235,28.48380927,78.93359375,0,0,11,50,71,-0.850380457,3.34933583,4.262679877,4.368606914,1
0.118568197,28.95601089,37.578125,25,0,34,61,4,-2.132266982,3.365777813,1.386294361,3.626422099,1
0.089614831,34.38967436,78.671875,0,0,108,71,35,-2.412234448,3.537756355,3.555348061,4.365285722,1
0.192073695,22.68977895,40.375,0,0,97,76,0,-1.649876152,3.121914557,#NAME?,3.698210782,1
0.160276977,34.46618698,34,0,0,126,68,0,-1.830851854,3.539978756,#NAME?,3.526360525,1
0.212712302,28.70556728,44.5625,45,0,77,92,0,-1.547814721,3.357091086,#NAME?,3.796892698,1
0.325358722,40.85520748,42.625,65,0,57,46,42,-1.122826945,3.710034291,3.737669618,3.752440936,1
0.223630552,19.65824231,24.0703125,55,0,50,33,6,-1.49775991,2.978496706,1.791759469,3.180979235,1
0.26807196,33.65632757,37.6875,99,0,33,72,0,-1.316499827,3.516201079,#NAME?,3.629328474,1
0.131490204,31.30709019,37,0,3,23,62,9,-2.028822924,3.443844596,2.197224577,3.610917913,1
0.227030695,24.38651873,64.125,46,0,10,73,35,-1.48267005,3.194030469,3.555348061,4.160834303,1
0.257590449,33.61579158,146.9726563,0,0,114,116,59,-1.356384362,3.514995944,4.077537444,4.990246558,1
0.00616362,23.40832154,39.51953125,52,0,97,67,0,-5.089091012,3.153091581,#NAME?,3.676795012,1
0.00427932,33.58161746,29.55078125,0,0,19,58,27,-5.453961161,3.513978818,3.295836866,3.386110182,1
0.170280938,31.03996406,22.171875,30,0,46,60,6,-1.770305629,3.435275537,1.791759469,3.098824594,1
0.117084092,24.54753836,37.984375,0,0,25,64,4,-2.144862867,3.200611579,1.386294361,3.637174891,1
0.010180811,26.92962385,14.2734375,0,0,21,63,0,-4.587250605,3.293226939,#NAME?,2.658400292,1
0.216390718,33.51248154,25.94921875,64,0,9,73,0,-1.530669626,3.511917953,#NAME?,3.256141503,1
0.247677843,29.23903332,48.234375,89,0,35,68,30,-1.395626397,3.375504574,3.401197382,3.876071941,1
0.299332964,26.15759706,51.22265625,25,0,45,60,33,-1.206198733,3.264139667,3.496507561,3.936181939,1
0.184460377,30.04626639,27.28125,0,0,28,72,0,-1.690320597,3.402738407,#NAME?,3.306199653,1
0.209270001,38.62408774,51.64453125,90,0,25,60,53,-1.56412999,3.653876117,3.970291914,3.944384309,1
0.186448561,31.78529256,33.36328125,0,0,31,64,9,-1.67959989,3.459003685,2.197224577,3.507455931,1
0.081273332,32.43733291,58.75390625,0,0,37,72,17,-2.509937336,3.47931001,2.833213344,4.07335764,1
0.339689965,32.31211944,36.71875,0,1,3,64,35,-1.079721945,3.475442375,3.555348061,3.603287524,1
0.320496489,33.80375305,39.703125,41,0,78,78,6,-1.137883957,3.520571833,1.791759469,3.6814299,1
0.103848782,31.47445546,55.078125,87,0,52,100,0,-2.264819457,3.449176279,#NAME?,4.008752632,1
0.004403814,33.84650738,30.75,0,0,30,82,0,-5.425284295,3.521835815,#NAME?,3.425889994,1
0.064257707,35.62782841,30.46875,0,0,26,78,0,-2.744853609,3.573127029,#NAME?,3.416701568,1
0.193841517,44.39261338,58.7578125,0,0,26,72,66,-1.640714376,3.79307309,4.189654742,4.073424123,1
0.020439906,18.98962424,26.25,8,0,24,41,7,-3.890266112,2.943892737,1.945910149,3.267665989,1
0.006885648,30.83403957,11.19921875,28,0,31,47,0,-4.978316034,3.428619261,#NAME?,2.415844021,1
0.100237198,21.39191712,17.2265625,67,0,36,41,1,-2.300215922,3.063013146,0,2.846452524,1
0.242801498,35.36719126,33.25,118,0,32,56,0,-1.41551105,3.56578459,#NAME?,3.504054767,1
0.007527197,33.80577076,26.94140625,53,0,66,57,0,-4.889232551,3.52063152,#NAME?,3.293664369,1
0.044590297,32.7326492,26.43359375,36,0,63,64,3,-3.110239,3.488373026,1.098612289,3.274635692,1
0.116925466,36.07768263,35.15625,13,0,78,52,23,-2.14621859,3.585674464,3.135494216,3.559802412,1
0.06871253,20.90819736,58.296875,0,0,24,57,34,-2.677823709,3.0401413,3.526360525,4.06554849,1
0.178840182,40.14601287,35.625,59,0,11,80,0,-1.72126271,3.69252313,#NAME?,3.573047639,1
0.253062044,28.48524487,28.30078125,60,0,27,43,20,-1.374120587,3.349386229,2.995732274,3.34288941,1
0.086647121,24.93811655,23.84375,38,0,13,51,5,-2.445911489,3.216397418,1.609437912,3.171522128,1
0.11953344,22.95378626,38.78125,33,0,55,71,2,-2.124159114,3.133482902,0.693147181,3.657936882,1
0.275568573,25.2155232,30,69,0,37,52,8,-1.288918778,3.227459805,2.079441542,3.401197382,1
0.004497427,30.36077353,15.8203125,53,0,26,44,6,-5.404249824,3.413151431,1.791759469,2.761294716,1
0.377297417,24.85286347,25.3359375,86,0,21,35,11,-0.974721498,3.212972976,2.397895273,3.232223842,1
0.549253197,23.78689177,14.4375,34,0,25,38,10,-0.599195747,3.169134663,2.302585093,2.669828988,1
0.308178625,31.72242833,9.0703125,0,0,37,42,1,-1.177075713,3.457023949,0,2.205006718,1
0.169182739,22.30735435,38.5078125,0,0,29,62,0,-1.776775852,3.104916416,#NAME?,3.650861143,1
0.038334553,24.92031789,54.56640625,103,0,9,61,0,-3.261403622,3.21568345,#NAME?,3.999418423,1
0.127801989,36.21825218,57.6640625,0,0,36,50,11,-2.057273174,3.589563196,2.397895273,4.054634146,1
0.172766892,40.69812024,22.265625,53,0,20,76,0,-1.755812038,3.706181906,#NAME?,3.103044009,1
0.172357381,26.49017852,28.18359375,0,0,9,65,0,-1.758185161,3.276774042,#NAME?,3.338740027,1
0.0064705,42.98479205,8.4375,25,0,18,41,7,-5.040501894,3.76084638,1.945910149,2.132686056,1
0.002845099,39.50245706,11.515625,0,0,42,67,0,-5.862157414,3.676362874,#NAME?,2.443704809,1
0.077548337,26.75762021,100.2539063,274,0,19,45,42,-2.556853834,3.2868193,3.737669618,4.607706031,1
0.097157253,29.82716871,31.171875,56,0,49,60,0,-2.331424448,3.39541968,#NAME?,3.439516246,1
0.12654234,30.38761233,68.296875,77,0,32,60,34,-2.067178323,3.414035036,3.526360525,4.223864012,1
0.26619629,19.80250293,27.37109375,21,0,33,46,3,-1.32352131,2.98580834,1.098612289,3.309487484,1
0.178684038,24.00576329,23.625,0,0,9,50,4,-1.722136184,3.178293939,1.386294361,3.162305473,1
0.264219262,28.8720023,47.8125,166,0,36,58,2,-1.330975983,3.362872347,0.693147181,3.867287112,1
0.271756059,36.45095739,29.8046875,36,0,35,70,0,-1.302850457,3.595967724,#NAME?,3.39466568,1
0.012620461,27.61778203,23.828125,56,0,42,60,1,-4.372435893,3.318459842,0,3.170866606,1
0.032184544,25.54427732,23.4140625,50,0,29,71,3,-3.436268942,3.240413312,1.098612289,3.153336803,1
0.232263104,22.43509993,12.484375,24,0,21,68,0,-1.459884481,3.110626694,#NAME?,2.524477862,1
0.240175655,28.94510746,14.875,0,0,55,56,0,-1.426384728,3.36540119,#NAME?,2.699681951,1
0.145020372,34.21521684,33.03125,43,0,49,51,5,-1.93088105,3.532670482,1.609437912,3.497454083,1
0.01207164,25.42554292,26.4140625,0,0,35,46,0,-4.416896379,3.235754295,#NAME?,3.273896539,1
0.004916583,41.39367519,45,61,0,34,10,50,-5.315141502,3.723128096,3.912023005,3.80666249,1
0.465848757,29.22260024,19.12109375,50,0,37,54,1,-0.763894253,3.374942391,0,2.95079211,1
0.331953029,36.69896281,60.0390625,0,0,48,54,4,-1.102761799,3.602748493,1.386294361,4.094995392,1
0.004614738,34.85537618,21.78515625,0,0,37,39,0,-5.378500184,3.551207392,#NAME?,3.081228832,1
0.254206452,34.25985341,34.5703125,51,0,33,50,0,-1.369608539,3.533974214,#NAME?,3.542995294,1
0.240781333,26.21628892,29.375,0,0,39,40,0,-1.423866089,3.266380932,#NAME?,3.380143972,1
0.173363376,34.44566789,28.640625,146,0,40,37,2,-1.752365448,3.539383239,0.693147181,3.354826164,1
0.210124178,34.35092143,22.6875,54,0,44,44,0,-1.560056599,3.536628843,#NAME?,3.121814112,1
0.17059599,31.3209149,10.7578125,0,0,49,54,0,-1.768457149,3.444286082,#NAME?,2.375632235,1
0.172019991,50.41277855,67.59375,0,0,49,103,0,-1.760144582,3.920244686,#NAME?,4.213515523,1
0.348518655,36.46728037,19.0625,0,0,29,48,13,-1.054063521,3.59641543,2.564949357,2.947723054,1
0.027559704,37.11003731,7.14453125,0,0,31,57,2,-3.591400573,3.61388748,0.693147181,1.966347204,1
0.011175809,39.13177667,14.35546875,0,0,73,49,0,-4.494003747,3.666934839,#NAME?,2.664130967,1
0.001638235,47.1997744,11.25390625,0,0,65,43,0,-6.414135836,3.854389113,#NAME?,2.420715291,1
0.000194078,44.83517838,17.921875,0,0,60,74,0,-8.547250418,3.802993063,#NAME?,2.886022034,1
0.006187373,67.64756511,28.1015625,0,0,66,107,2,-5.085244677,4.214311362,0.693147181,3.33582518,1
0.338527067,27.19680079,9.0234375,0,0,53,42,0,-1.083151228,3.303099348,#NAME?,2.199825359,1
0.021022599,34.91304906,12.03125,0,0,53,56,0,-3.862157277,3.552860658,#NAME?,2.487507431,1
0.009372338,52.32908141,56.53125,15,0,91,72,62,-4.669992694,3.957552266,4.127134385,4.034793583,1
0.026636495,50.29804421,40.72265625,0,0,73,52,87,-3.625473011,3.917966194,4.465908119,3.706784602,1
0.037273949,47.96286863,11.09375,0,0,69,40,0,-3.289460615,3.870427141,#NAME?,2.406381887,1
0.006449163,69.4299625,24.33984375,0,0,91,67,0,-5.043804924,4.240318511,#NAME?,3.192114668,1
0.032292695,25.7216948,8.80859375,2,0,53,41,0,-3.432914235,3.247334791,#NAME?,2.175727807,1
0.02351444,33.87976932,14.14453125,0,0,51,69,2,-3.750140578,3.522818061,0.693147181,2.649328065,1
0.012445021,33.11167478,12.4609375,2,0,56,55,0,-4.386434656,3.499885933,#NAME?,2.522598751,1
0.004237544,34.78120726,15.84375,0,0,102,39,0,-5.463771423,3.54907722,#NAME?,2.762775101,1
0.003901246,110.7344248,41.66015625,0,0,133,79,0,-5.54645929,4.707134765,#NAME?,3.729545186,1
0.003198465,38.01013168,7.8671875,0,2,38,51,0,-5.745084272,3.637852747,#NAME?,2.062700629,1
0.239950615,34.86064008,8.6953125,0,0,51,42,0,-1.427322148,3.551358401,#NAME?,2.162784087,1
0.012927421,41.64352011,12.59765625,0,0,73,43,0,-4.348404565,3.729145777,#NAME?,2.533510785,1
0.371905375,50.72313184,18.28125,0,2,52,88,0,-0.989115825,3.926382056,#NAME?,2.905875944,1
0.352381099,30.34368315,57.94921875,6,0,5,4,65,-1.043042021,3.412588362,4.17438727,4.059567088,1
0.00549081,40.25736781,40.375,102,0,48,62,6,-5.204679493,3.695293038,1.791759469,3.698210782,1
0.364566952,43.69925597,23.11328125,56,0,39,55,6,-1.009045063,3.777331076,1.791759469,3.140407398,1
0.246782712,34.80904501,14.4375,0,0,36,56,0,-1.399247038,3.549877267,#NAME?,2.669828988,1
0.442551137,28.30255276,64.0625,0,0,22,10,72,-0.815199257,3.342952004,4.276666119,4.159859169,1
0.127788113,29.40797307,20.09765625,0,0,10,7,42,-2.057381754,3.38126583,3.737669618,3.000603204,1
0.334522735,36.36089007,50.5859375,135,0,38,48,26,-1.095050435,3.593493748,3.258096538,3.923673623,1
0.338517417,44.96303982,40.4296875,40,0,38,75,0,-1.083179734,3.805840815,#NAME?,3.699564354,1
0.389311316,32.36709382,27.609375,47,0,45,57,0,-0.943375957,3.477142284,#NAME?,3.318155389,1
0.015847454,100.0773653,37.0546875,42,0,53,45,17,-4.144746422,4.60594354,2.833213344,3.612394862,1
0.00440335,47.52810984,11.984375,0,0,57,52,0,-5.425389664,3.861321322,#NAME?,2.483603718,1
0.010990237,33.5912366,13.125,0,0,46,70,0,-4.510747946,3.514265217,#NAME?,2.574518808,1
0.100988199,40.94118245,43.84375,47,0,45,54,7,-2.292751611,3.712136462,1.945910149,3.780632177,1
0.009065078,54.34262137,21.328125,64,0,12,59,11,-4.70332583,3.995308843,2.397895273,3.060026624,1
0.001045921,54.31788701,36.09375,0,0,53,69,8,-6.862857442,3.994853584,2.079441542,3.58611972,1
0.004374837,34.63065394,28.52734375,38,0,69,60,7,-5.431886017,3.544739242,1.945910149,3.350863057,1
0.003511363,87.35682785,32.8125,23,0,61,53,17,-5.651750998,4.4700012,2.833213344,3.49080954,1
0.00744361,53.94652356,15.4375,0,0,74,52,0,-4.900399333,3.987993251,#NAME?,2.736799614,1
0.008781268,71.84485947,33.984375,25,0,48,64,11,-4.735134463,4.274509065,2.397895273,3.52590086,1
0.004353112,65.29912325,46.0078125,48,0,51,60,18,-5.436864287,4.17897861,2.890371758,3.828811219,1
0.018343159,45.22590678,7.0546875,0,0,40,43,0,-3.998498581,3.811670081,#NAME?,1.953692289,1
0.003259604,11.63421538,16.46875,61,0,5,62,0,-5.726149563,2.453950358,#NAME?,2.801464646,1
0.297106039,50.84817172,80.4375,168,0,69,63,15,-1.21366617,3.928844167,2.708050201,4.387480485,1
0.58541423,42.30042081,98.0859375,144,0,40,66,69,-0.535435597,3.744797034,4.234106505,4.585844008,1
0.000150169,70.24403298,52.5,82,0,76,64,20,-8.803749231,4.251975365,2.995732274,3.96081317,1
0.356241052,31.81423237,15.4375,0,0,50,76,0,-1.032147665,3.459913748,#NAME?,2.736799614,1
0.003192626,41.61443509,9.9375,0,0,46,53,0,-5.746911503,3.728447104,#NAME?,2.29631548,1
0.009512851,42.64883066,20.0390625,5,0,37,57,0,-4.655111658,3.752999856,#NAME?,2.997683494,1
0.20208596,42.83935346,58.7421875,102,0,42,61,12,-1.599062128,3.757457153,2.48490665,4.073158165,1
0.231743017,47.73174045,68.4375,0,0,46,73,0,-1.462126207,3.865596595,#NAME?,4.22592092,1
0.051964404,65.61051199,114.6835938,2,0,37,78,79,-2.957196333,4.183735927,4.369447852,4.742176978,1
0.003549916,81.85434904,15.84375,0,0,50,78,0,-5.640831338,4.404941437,#NAME?,2.762775101,1
0.222317852,43.68654789,55.6171875,72,0,37,59,4,-1.503647155,3.777040226,1.386294361,4.018492281,1
0.097575143,28.63689103,53.046875,29,0,26,30,67,-2.3271325,3.354695783,4.204692619,3.971175957,1
0.241265039,49.13387534,54.44140625,53,0,6,66,11,-1.421859203,3.894548722,2.397895273,3.997125009,1
0.001303452,61.50668572,34.3984375,61,0,56,70,4,-6.642739149,4.11914588,1.386294361,3.538011142,1
0.250026413,25.63759486,11.37109375,0,0,39,71,0,-1.386188715,3.244059823,#NAME?,2.431074499,1
0.002655613,57.28283677,35.0390625,96,0,40,54,11,-5.931079766,4.048001046,2.397895273,3.556463511,1
0.150303064,39.6648223,50.765625,0,0,36,71,5,-1.895101597,3.680464707,1.609437912,3.927219452,1
0.21608315,56.67971606,20.625,37,0,8,41,14,-1.532091992,4.037416405,2.63905733,3.026503932,1
0.011954714,45.37007575,10.71875,0,0,47,56,0,-4.426629601,3.814852763,#NAME?,2.371994544,1
0.250069617,44.17748256,23.3515625,6,0,16,3,58,-1.386015932,3.788215215,4.060443011,3.150663898,1
0.165789094,54.27073645,18.046875,10,0,9,43,12,-1.797038816,3.993985158,2.48490665,2.89297254,1
0.112890384,27.7885226,46.13671875,91,0,8,41,52,-2.181337984,3.324623079,3.951243719,3.831609135,1
0.050353157,24.83740848,5.765625,0,0,39,36,0,-2.988693961,3.212350923,#NAME?,1.751913561,1
0.420418677,31.38724747,40.78515625,0,0,112,53,0,-0.866504214,3.446401679,#NAME?,3.708318198,1
0.128085576,33.80957182,57.09375,115,0,22,61,2,-2.055056676,3.520743952,0.693147181,4.044694654,1
0.312179562,33.41382878,47.41015625,0,1,10,52,0,-1.164176737,3.50896985,#NAME?,3.858836473,1
0.166631712,31.73163284,52.203125,97,0,24,47,5,-1.791969219,3.457314065,1.609437912,3.955142359,1
0.315974929,34.2334049,75.78125,168,0,30,60,37,-1.152092407,3.533201919,3.610917913,4.327850901,1
0.069671091,25.04249102,5.6875,0,0,50,28,0,-2.663969811,3.220574023,#NAME?,1.738270784,1
0.230075898,26.01554132,19.7421875,107,0,24,38,0,-1.469346033,3.258694103,#NAME?,2.982757843,1
0.16877522,26.79587762,84.1640625,280,0,11,10,53,-1.779187509,3.288248056,3.970291914,4.432768019,1
0.118902046,11.1298099,10.2265625,15,0,52,28,6,-2.129455268,2.409627085,1.791759469,2.324988502,1
0.132230417,37.05834351,13.359375,0,1,58,51,5,-2.023209295,3.612493522,1.609437912,2.592218386,1
0.006467261,20.91582254,18.42578125,0,0,87,52,1,-5.041002599,3.040505932,0,2.913750839,1
0.021263299,46.11220782,33.8203125,0,0,76,111,0,-3.850772744,3.831077727,#NAME?,3.521061584,1
0.035172709,13.75817072,11.38671875,30,0,13,4,49,-3.34748481,2.621632882,3.891820298,2.432447654,1
0.388998921,37.3497309,10.52734375,0,0,47,55,0,-0.944178709,3.620325707,#NAME?,2.353976039,1
0.004206984,16.43761362,9.546875,43,0,7,45,2,-5.471009278,2.799572222,0.693147181,2.256213876,1
0.008027736,61.98035013,17.578125,0,0,88,50,0,-4.824852733,4.126817401,#NAME?,2.866655231,1
0.569075874,47.19623796,12.65625,0,0,79,39,1,-0.563741508,3.854314185,0,2.538151164,1
0.135413646,11.85875987,10.96875,0,0,23,12,24,-1.999421141,2.473066824,3.17805383,2.395050321,1
0.157549794,15.00124316,12.03125,0,0,68,44,0,-1.848013718,2.708133075,#NAME?,2.487507431,1
0.016369451,21.02494926,4.484375,0,0,39,28,0,-4.112338425,3.045709793,#NAME?,1.500599132,1
0.011751958,32.72725375,8.25,0,0,46,44,0,-4.443735414,3.488208179,#NAME?,2.1102132,1
0.009792135,38.47103357,56.640625,47,0,29,50,0,-4.626175767,3.649905583,#NAME?,4.036726484,1
0.111610001,28.02134131,25.05078125,53,0,66,53,0,-2.192744618,3.332966409,#NAME?,3.220905015,1
0.003391229,33.43988819,23.5546875,39,0,49,45,0,-5.686562886,3.509749445,#NAME?,3.159324845,1
0.092254889,27.20548429,15.625,0,0,24,50,0,-2.3832,3.303418581,#NAME?,2.748872196,1
0.04161781,31.1747619,26.90625,20,0,28,23,33,-3.179227078,3.439608854,3.496507561,3.292358602,1
0.068156235,33.65882838,32.421875,0,0,7,46,4,-2.685952636,3.516275381,1.386294361,3.478833349,1
0.005675564,81.88720721,310.7421875,49,0,7,5,210,-5.171585337,4.405342779,5.347107531,5.738963589,1
0.006580421,32.01435723,8.4375,0,0,27,42,3,-5.023656554,3.466184466,1.098612289,2.132686056,1
0.008366958,48.30790069,20.91796875,32,0,17,105,0,-4.783464901,3.877595123,#NAME?,3.040608538,1
0.00648267,46.03708421,35.5546875,87,0,10,74,0,-5.038622816,3.82944725,#NAME?,3.571072004,1
0.02223551,30.8878761,32.453125,0,0,3,16,46,-3.806064718,3.430363748,3.828641396,3.479796741,1
0.02393134,21.17585826,18.5625,0,0,46,99,0,-3.732566382,3.052861771,#NAME?,2.921143417,1
0.09783322,34.0314443,18.5859375,0,0,59,78,0,-2.324491087,3.52728493,#NAME?,2.922405246,1
0.036958624,10.92321655,7.90625,0,0,8,39,5,-3.297956262,2.390890483,1.609437912,2.067653586,1
0.003258411,19.22816241,15.640625,9,0,8,33,44,-5.726515626,2.956375997,3.784189634,2.749871696,1
0.000547118,33.57977251,14.609375,0,0,53,68,0,-7.510846057,3.513923877,#NAME?,2.681663446,1
0.004677455,27.07065131,25.671875,0,0,56,106,0,-5.36500112,3.298450164,#NAME?,3.245396035,1
0.003850903,13.61613763,19.296875,0,2,11,74,0,-5.559447613,2.61125568,#NAME?,2.959943166,1
0.002068478,23.73950891,9.1796875,42,0,3,13,37,-6.180942208,3.167140703,3.610917913,2.216993163,1
0.023539925,27.50063553,35.3203125,44,0,36,66,0,-3.749057363,3.314209115,#NAME?,3.564458223,1
0.017879404,19.81538962,16.75,0,0,62,67,0,-4.024105843,2.986458889,#NAME?,2.818398258,1
0.002706839,49.87034634,15.3125,0,0,5,47,33,-5.911973746,3.909426564,3.496507561,2.728669488,1
0.196082548,17.26037859,12.0078125,0,0,5,53,0,-1.629219545,2.84841362,#NAME?,2.48555748,1
0.006656296,14.83050831,11.171875,0,0,18,28,27,-5.012192105,2.696686431,3.295836866,2.413399459,1
0.089029242,37.92663629,15.33984375,0,0,75,51,0,-2.418790401,3.63565367,#NAME?,2.73045361,1
0.339611967,34.25685936,66.203125,0,0,32,75,1,-1.079951587,3.533886818,0,4.192727667,1
0.004897131,29.14138745,9.5390625,45,0,27,33,0,-5.319105756,3.372159413,#NAME?,2.25539521,1
0.288187292,28.67817622,38.0625,0,0,39,58,0,-1.244144691,3.356136423,#NAME?,3.639229545,1
0.196345947,28.37285655,60.84375,0,0,40,66,0,-1.62787714,3.345432933,#NAME?,4.108309103,1
0.405005852,31.96820217,25,73,0,25,57,7,-0.903853763,3.464741727,1.945910149,3.218875825,1
0.157998081,43.67403008,27.5625,0,0,38,56,0,-1.845172392,3.776753648,#NAME?,3.316456153,1
0.335962424,32.61285648,28.640625,102,0,15,43,9,-1.090755959,3.484706581,2.197224577,3.354826164,1
0.276963901,31.25166452,148.828125,0,0,33,63,37,-1.283868103,3.442072639,3.610917913,5.002792117,1
0.431677552,27.80973826,70.359375,84,0,25,54,25,-0.840076377,3.325386256,3.218875825,4.253616037,1
0.002440825,44.53687889,16.36328125,38,0,31,59,0,-6.015419182,3.796317585,#NAME?,2.795039876,1
0.345327193,25.87675267,46.921875,93,0,28,53,13,-1.063262926,3.253344985,2.564949357,3.848483985,1
0.325461627,31.64127103,68.0625,0,0,36,71,1,-1.122510714,3.454462314,0,4.220426401,1
0.203879975,31.66995439,40.21875,0,0,24,71,7,-1.590223816,3.45536842,1.945910149,3.694333305,1
0.074191887,29.99208994,36.3671875,107,0,24,57,13,-2.601100474,3.400933678,2.564949357,3.593666926,1
0.006342244,41.87294794,14.6953125,8,0,56,52,5,-5.06052263,3.734639985,1.609437912,2.687528565,1
0.255781366,34.49229031,26.28125,45,0,50,58,0,-1.363432238,3.54073583,#NAME?,3.268855757,1
0.066116703,25.88909958,43.6484375,0,0,40,58,16,-2.716333871,3.253822014,2.772588722,3.776167486,1
0.028071924,21.36777055,67.3828125,38,0,18,47,22,-3.572985348,3.061883738,3.091042453,4.210389978,1
0.115949105,25.10054591,32.171875,35,0,27,58,0,-2.154603934,3.222889595,#NAME?,3.471092624,1
0.345455921,27.35582637,83.26171875,100,0,22,74,13,-1.062890224,3.308929536,2.564949357,4.421988885,1
0.137491294,25.66754413,23.25,57,0,37,47,15,-1.98419468,3.245227319,2.708050201,3.146305132,1
0.102446317,26.7507263,113.8984375,443,0,10,43,18,-2.278416354,3.286561624,2.890371758,4.735307152,1
0.015887205,11.40993457,10.078125,30,0,28,39,4,-4.142241211,2.434484429,1.386294361,2.310367233,1
0.113110595,38.67414074,65.16796875,53,0,48,53,14,-2.179389222,3.655171179,2.63905733,4.176968071,1
0.265690965,23.28112304,60.265625,114,0,6,39,19,-1.325421431,3.147642862,2.944438979,4.098761875,1
0.058456628,25.95019446,46.16796875,112,0,5,50,3,-2.839470201,3.256179103,1.098612289,3.832286241,1
0.032092986,19.45704837,52.9296875,92,0,22,50,0,-3.439117777,2.968209388,#NAME?,3.968964382,1
0.105399386,22.55230942,52.171875,180,0,30,62,1,-2.249998468,3.115837474,0,3.954543557,1
0.057496645,23.10591981,27.890625,159,0,9,40,2,-2.856028681,3.140088854,0.693147181,3.328290611,1
0.46176627,34.07675314,25.56640625,21,0,22,53,2,-0.772696425,3.528615426,0.693147181,3.241279234,1
0.008331142,32.00593235,25.6484375,105,0,27,39,10,-4.787754737,3.465921272,2.302585093,3.244482654,1
0.385872139,29.28899243,27.38671875,48,0,32,52,5,-0.952249211,3.37721176,1.609437912,3.310058179,1
0.181604689,32.58508277,27.5625,60,0,55,39,3,-1.705922993,3.4838546,1.098612289,3.316456153,1
0.015002688,36.71741969,13.26171875,48,0,47,35,0,-4.199525894,3.603251293,#NAME?,2.584881596,1
0.266100101,31.63168232,15.734375,49,0,25,53,0,-1.323882721,3.454159223,#NAME?,2.755847809,1
0.189500716,20.82168848,36.94140625,34,0,77,49,0,-1.663362476,3.035995159,#NAME?,3.609333043,1
0.007984431,27.96070987,11.25390625,0,0,31,43,0,-4.830261758,3.330800306,#NAME?,2.420715291,1
0.01478138,35.18204075,17.15625,41,0,29,61,0,-4.214386998,3.560535746,#NAME?,2.842362539,1
0.003138062,36.63535345,22.8203125,18,0,25,46,0,-5.764149867,3.601013715,#NAME?,3.127651038,1
0.186248691,28.55068013,38.9375,121,0,27,47,9,-1.68067245,3.351680758,2.197224577,3.661957797,1
0.063302617,34.50638346,27,41,0,17,54,0,-2.759828608,3.541144335,#NAME?,3.295836866,1
0.012035913,24.19365492,24.96875,19,0,30,22,25,-4.419860349,3.186090405,3.218875825,3.217625043,0
0.079331523,32.37624308,14.109375,52,0,32,42,0,-2.534119714,3.477424916,#NAME?,2.64683947,0
0.223266829,17.07497714,9.9609375,0,0,40,23,2,-1.49938768,2.837614067,0.693147181,2.298671194,0
0.094129641,29.00595562,38.37109375,0,0,103,45,2,-2.363082287,3.367501175,0.693147181,3.647304409,0
0.210357785,23.33488363,15.99609375,40,0,14,37,2,-1.55894546,3.149949392,0.693147181,2.772344552,0
0.008469629,23.05306526,4.4296875,13,0,27,27,0,-4.771268573,3.137798744,#NAME?,1.48832904,0
0.004095397,32.38319789,15.9453125,0,0,69,25,1,-5.497891619,3.477639705,0,2.769164899,0
0.006587746,17.14913372,8.89453125,0,0,14,33,0,-5.022544022,2.84194766,#NAME?,2.185436622,0
0.205194598,27.35698466,12.171875,55,0,25,33,5,-1.583796492,3.308971877,1.609437912,2.499127963,0
0.242414181,25.35720058,18.3515625,60,0,25,27,27,-1.417107524,3.233062736,3.295836866,2.909714721,0
0.113790539,21.96796157,14.765625,75,0,5,8,22,-2.173395898,3.0895851,3.091042453,2.692301844,0
0.295401462,34.18793,24.50390625,0,0,85,40,1,-1.21941996,3.531872658,0,3.198832544,0
0.228134358,23.96294532,16.1328125,53,0,13,35,0,-1.477820534,3.176508692,#NAME?,2.780855241,0
0.00291893,30.55717051,11.09375,0,0,18,39,1,-5.836538168,3.419599372,0,2.406381887,0
0.30113795,29.01473569,72,96,0,33,39,89,-1.200186814,3.367803828,4.48863637,4.276666119,0
0.309292912,37.34152263,30.84375,97,0,42,52,4,-1.173466516,3.620105915,1.386294361,3.428934137,0
0.315844429,36.08066149,18.03515625,44,0,35,57,0,-1.1525055,3.585757029,#NAME?,2.892322978,0
0.001908182,53.36666993,17.58984375,0,0,11,48,9,-6.261604323,3.977186392,2.197224577,2.867321676,0
0.439776337,32.13904629,26.29296875,0,0,45,48,5,-0.821489006,3.470071686,1.609437912,3.269301556,0
0.054107465,44.38558074,27.38671875,67,0,54,57,0,-2.916783117,3.792914659,#NAME?,3.310058179,0
0.453801299,29.12425753,15.8203125,0,0,45,45,5,-0.790095844,3.371571419,1.609437912,2.761294716,0
0.001568791,43.54399504,27.34375,0,0,37,52,18,-6.45745002,3.773771807,2.890371758,3.308487984,0
0.21088619,53.79053168,50.25,44,0,146,67,0,-1.556436675,3.985097461,#NAME?,3.917010547,0
0.006435847,41.29155888,10.421875,0,0,44,58,0,-5.045871823,3.720658094,#NAME?,2.343906963,0
0.117622814,27.26212927,14.1015625,36,0,36,38,0,-2.140272266,3.305498533,#NAME?,2.646285607,0
0.276985456,30.58427904,14.87109375,0,0,43,47,0,-1.28379028,3.42048612,#NAME?,2.699419312,0
0.414703208,26.73767939,23.92578125,34,0,45,46,3,-0.880192176,3.286073784,1.098612289,3.174956591,0
0.374473879,27.05805785,10.75,0,0,29,43,0,-0.982233227,3.297984848,#NAME?,2.374905755,0
0.008421478,38.76480498,18.69140625,0,0,44,46,9,-4.776969932,3.657512747,2.197224577,2.928063859,0
0.00271057,38.4429547,14.94140625,0,0,34,44,7,-5.910596334,3.649175446,1.945910149,2.704136302,0
0.297206481,34.10051161,16.6015625,0,0,41,50,0,-1.21332816,3.529312387,#NAME?,2.809496817,0
0.272885956,22.99906229,20.05078125,0,0,41,59,0,-1.298701315,3.135453445,#NAME?,2.998268118,0
0.561621766,29.94151483,17.390625,0,0,47,53,0,-0.57692667,3.399245973,#NAME?,2.855931268,0
0.125136977,31.55481633,34.9453125,41,0,99,55,8,-2.078346326,3.451726234,2.079441542,3.55378434,0
0.012844874,26.3354463,14.73828125,32,0,43,49,0,-4.354810458,3.2709158,#NAME?,2.690448275,0
0.450259759,36.31453787,15.234375,0,1,37,50,1,-0.797930621,3.592218153,0,2.723554388,0
0.019009587,36.5371016,9.5625,0,0,46,51,0,-3.962811848,3.598328227,#NAME?,2.257849199,0
0.008718864,37.71756834,7.84765625,0,0,39,49,0,-4.742266325,3.63012599,#NAME?,2.06021492,0
0.003800234,43.12843487,14.953125,47,0,38,44,0,-5.572692635,3.764182521,#NAME?,2.704920308,0
0.39675861,32.78225735,74.953125,0,0,39,58,59,-0.924427218,3.489887435,4.077537444,4.316862918,0
0.256428962,29.15326531,24.78515625,107,0,32,45,0,-1.360903604,3.372566924,#NAME?,3.210244936,0
0.601145572,24.32468257,53.5,0,0,39,64,0,-0.508918157,3.191491578,#NAME?,3.979681654,0
0.426548952,31.22621805,25.30078125,95,0,30,48,3,-0.852028143,3.441258064,1.098612289,3.230835275,0
0.396421281,33.90159898,101.96875,77,0,17,47,57,-0.925277792,3.523462181,4.043051268,4.624666394,0
0.526341526,32.48787716,43.875,0,0,53,47,1,-0.641804988,3.480867009,0,3.781344682,0
0.153705303,40.51871154,122.7890625,151,0,23,47,31,-1.872718127,3.701763881,3.433987204,4.810467944,0
0.012422123,28.50227919,33.0859375,121,0,12,11,24,-4.388276283,3.349984056,3.17805383,3.499108343,0
0.032802942,26.27083109,6.40625,0,0,39,40,0,-3.417237072,3.26845924,#NAME?,1.857274076,0
0.300309047,27.09745272,41.1484375,0,1,92,45,0,-1.202943178,3.299439728,#NAME?,3.717185956,0
0.256119382,24.35958258,42.77734375,86,0,58,47,0,-1.362111607,3.192925307,#NAME?,3.756008611,0
0.246210103,28.09530651,8.9609375,0,0,33,31,0,-1.40157003,3.335602534,#NAME?,2.192874853,0
0.076067913,35.19365923,41.8671875,95,0,136,46,0,-2.576128746,3.560865931,#NAME?,3.734502406,0
0.159928279,31.72089965,53.3671875,0,0,43,52,2,-1.83302982,3.456975759,0.693147181,3.977196091,0
0.179756822,28.09708731,47.28515625,207,0,17,44,1,-1.71615033,3.335665917,0,3.856196425,0
0.232619494,31.68662263,48.7265625,0,0,28,34,8,-1.458351233,3.455894593,2.079441542,3.886224313,0
0.222074658,36.46927327,44.3359375,181,0,44,50,0,-1.504741656,3.596470078,#NAME?,3.791795578,0
0.197122909,31.91168212,96.6875,0,0,23,53,38,-1.623927841,3.462972153,3.63758616,4.571484128,0
0.179517202,30.37675867,54.90625,0,0,38,55,1,-1.717484243,3.413677799,0,4.005627185,0
0.399760484,37.20919116,46.19140625,178,0,35,50,5,-0.916889701,3.616555805,1.609437912,3.832793769,0
0.208673019,33.10668771,24.90234375,43,0,80,51,0,-1.566986755,3.499735308,#NAME?,3.214961926,0
0.282334166,37.40622046,22.75,52,0,50,56,0,-1.264663924,3.621837013,#NAME?,3.124565145,0
0.004258093,44.08850012,22.96875,108,0,37,40,0,-5.458933872,3.78619898,#NAME?,3.134134596,0
0.064465696,28.81759754,16.171875,0,0,32,46,0,-2.741622042,3.360986226,#NAME?,2.783273622,0
0.345002636,30.71474389,20.671875,52,0,44,54,0,-1.064203221,3.424742796,#NAME?,3.028774081,0
0.11948015,34.7528668,14.8125,0,0,36,48,0,-2.12460503,3.548262066,#NAME?,2.695471419,0
0.301201106,40.02930612,22.93359375,0,0,51,50,7,-1.199977111,3.689611839,1.945910149,3.132602812,0
0.247636967,34.18862515,55.0703125,47,0,29,53,0,-1.395791448,3.531892991,#NAME?,4.008610778,0
0.227136998,27.69337308,37.734375,0,0,22,8,52,-1.482201928,3.321193146,3.951243719,3.630571483,0
0.221394784,34.99019996,50.2421875,90,0,54,56,3,-1.507807818,3.555068021,1.098612289,3.916855062,0
0.176078146,38.37168043,49.1484375,88,0,46,46,8,-1.736827371,3.647319699,2.079441542,3.894845056,0
0.304755421,40.10519628,44.078125,0,0,58,50,2,-1.188245722,3.691505909,0.693147181,3.785963628,0
0.127404394,32.06253433,66.5625,171,0,40,53,27,-2.060389047,3.467688194,3.295836866,4.198141356,0
0.342790012,35.75836417,27.5,88,0,38,55,0,-1.070637229,3.576784205,#NAME?,3.314186005,0
0.090444216,34.53997815,24.890625,0,0,78,59,0,-2.403022016,3.54211744,#NAME?,3.214491227,0
0.365159383,34.14471939,29.6484375,41,0,49,54,1,-1.007421355,3.530607944,0,3.389409426,0
0.004937564,47.51397345,14.82421875,0,0,67,55,0,-5.310883187,3.861023846,#NAME?,2.696262245,0
0.225141366,26.84439723,15.9375,61,0,39,38,2,-1.491026781,3.29005713,0.693147181,2.768674823,0
0.098297866,34.22917537,12.9609375,0,0,40,42,0,-2.319752961,3.533078361,#NAME?,2.561940026,0
0.364233664,28.8972813,25.46484375,0,0,37,48,5,-1.009959683,3.363747518,1.609437912,3.237298824,0
0.298520903,40.84823999,92.70703125,0,0,40,53,28,-1.208915322,3.709863736,3.33220451,4.529444319,0
0.551953646,28.31530888,39.9609375,0,0,32,56,6,-0.594291211,3.343402608,1.791759469,3.687902414,0
0.369492779,34.09919387,70.875,0,0,25,61,11,-0.995624081,3.529273744,2.397895273,4.260917762,0
0.175487129,36.52972669,81.36328125,35,0,82,79,52,-1.740189578,3.598126359,3.951243719,4.398924081,0
0.397837262,21.44424507,16.0859375,37,0,32,48,10,-0.921712247,3.065456314,2.302585093,2.777945443,0
0.314256144,18.14662759,13.875,0,0,45,29,3,-1.15754688,2.898484736,1.098612289,2.63008866,0
0.133834769,32.19307622,17.0546875,0,0,17,44,15,-2.011149307,3.471751405,2.708050201,2.836425093,0
0.118589462,30.52416138,17.0703125,22,0,28,38,0,-2.13208765,3.418518546,#NAME?,2.837340844,0
0.099451986,30.23609974,14.89453125,0,0,13,37,4,-2.308080304,3.409036566,1.386294361,2.700994115,0
0.121893365,28.68629906,10.3125,36,0,28,40,0,-2.104608674,3.356419624,#NAME?,2.333356752,0
0.27261096,23.56331403,17.30078125,40,0,20,8,35,-1.299709555,3.159691012,3.555348061,2.850751659,0
0.00217757,37.50736871,7.734375,0,0,15,42,3,-6.129545703,3.624537413,1.098612289,2.045674679,0
0.462961243,34.13023529,14.14453125,0,0,9,49,2,-0.770111937,3.530183657,0.693147181,2.649328065,0
0.276499357,22.1587827,6.296875,0,0,32,29,2,-1.285546784,3.098233928,0.693147181,1.840053479,0
0.281272121,30.09408176,20.125,0,0,40,56,0,-1.268432676,3.404328533,#NAME?,3.001962823,0
0.082640256,18.3288967,8.98828125,0,0,27,39,0,-2.493258356,2.908478869,#NAME?,2.195921646,0
0.121405111,31.08253581,49,31,0,7,38,26,-2.108622301,3.436646112,3.258096538,3.891820298,0
0.042396699,32.32318487,19.96875,0,0,27,34,2,-3.160684774,3.475784771,0.693147181,2.994168552,0
0.198895052,20.48015145,25.3125,0,0,51,39,1,-1.61497797,3.019456195,0,3.231298345,0
0.116104934,20.48673385,22.3984375,0,0,20,36,25,-2.153260893,3.019777547,3.218875825,3.108991202,0
0.347506406,20.8751878,21.4609375,0,0,24,36,5,-1.05697218,3.038561267,1.609437912,3.066234422,0
0.00677432,24.57798617,19.3125,0,0,15,42,6,-4.994616286,3.201851171,1.791759469,2.960752555,0
0.292342966,31.51055432,25.3046875,0,0,27,21,20,-1.229827625,3.450322547,2.995732274,3.230989655,0
0.010864344,26.34162356,12.6875,52,0,25,28,1,-4.522269044,3.271150333,0,2.540617257,0
0.103736433,23.6735725,24.75,47,0,60,43,1,-2.265901895,3.164359342,0,3.208825489,0
0.042431837,17.15878542,3.5234375,0,0,6,22,0,-3.159856326,2.842510312,#NAME?,1.259437076,0
0.209139183,28.41125671,16.65234375,0,0,27,29,0,-1.564755301,3.34678543,#NAME?,2.812550972,0
0.012120361,28.52063059,25.13671875,77,0,40,43,2,-4.412868513,3.350627706,0.693147181,3.224329676,0
0.126118423,30.00172947,23.80859375,0,0,11,48,5,-2.070533948,3.401255029,1.609437912,3.170046597,0
0.377295481,23.65912168,18.078125,0,1,38,48,3,-0.974726629,3.163748735,1.098612289,2.894702644,0
0.20226244,24.81632682,21.0703125,0,0,50,58,0,-1.598189217,3.211501776,#NAME?,3.047865059,0
0.236518353,35.66003039,29.8828125,0,0,90,75,0,-1.441729472,3.574030465,#NAME?,3.397283482,0
0.518574219,25.58051544,24.2578125,0,0,79,46,0,-0.65667212,3.241830946,#NAME?,3.18873873,0
0.153351768,21.16820114,14.94140625,0,0,52,45,0,-1.875020859,3.052500109,#NAME?,2.704136302,0
0.274747404,28.12224043,12.9140625,28,0,57,37,1,-1.291903134,3.336560738,0,2.558316834,0
0.233801049,15.43652112,34.2890625,101,0,16,22,35,-1.453284743,2.736736203,3.555348061,3.534826426,0
0.223237943,17.29671785,11.89453125,38,0,32,29,0,-1.499517067,2.850516764,#NAME?,2.476078736,0
0.062756965,50.29181803,24.375,0,0,6,60,0,-2.768485711,3.9178424,#NAME?,3.193558017,0
0.345713207,30.49595401,14.609375,0,0,27,42,2,-1.062145729,3.417594019,0.693147181,2.681663446,0
0.01001413,35.18200575,9.76953125,29,0,30,41,0,-4.603758183,3.560534752,#NAME?,2.279268486,0
0.423649693,19.26782894,8.09375,24,0,30,37,0,-0.858848361,2.958436811,#NAME?,2.091092159,0
0.478685189,15.92602075,5.9765625,0,0,23,30,0,-0.736712123,2.767954297,#NAME?,1.78784557,0
0.028518379,35.91327411,15.984375,0,0,90,5,39,-3.557206522,3.58110698,3.663561646,2.771611683,0
0.090532891,33.81722342,11.8828125,19,0,31,39,0,-2.402042058,3.520970241,#NAME?,2.475093028,0
0.200800931,34.11494137,12.375,38,0,5,40,8,-1.605441255,3.529735452,2.079441542,2.515678308,0
0.456343441,31.11321375,36.09375,0,0,100,50,38,-0.784509593,3.437632608,3.63758616,3.58611972,0
0.227722027,32.58185769,31.8828125,30,0,37,49,4,-1.479629574,3.483755621,1.386294361,3.462067071,0
0.081958341,36.46210791,10.83203125,0,0,24,47,0,-2.501544197,3.596273582,#NAME?,2.382507601,0
0.003666539,43.87802996,11.07421875,26,0,35,45,0,-5.608507114,3.781413738,#NAME?,2.404619772,0
0.313818891,21.78751054,16.69921875,0,0,15,11,46,-1.15893924,3.081336895,3.828641396,2.815361937,0
0.006296805,39.90169028,8.125,25,0,25,40,0,-5.067712917,3.686418686,#NAME?,2.094945728,0
0.52257219,26.04052342,9.5625,21,0,12,36,0,-0.648992142,3.259653918,#NAME?,2.257849199,0
0.256435633,20.59275609,10.0546875,23,0,28,29,4,-1.360877589,3.024939368,1.386294361,2.308038944,0
0.173303235,22.4277306,14.546875,65,0,31,37,1,-1.752712415,3.110298166,0,2.677376194,0
0.027934457,25.26643636,8.59375,24,0,29,40,0,-3.577894334,3.229476889,#NAME?,2.151035195,0
0.14775366,38.85688286,18.8984375,27,0,30,50,9,-1.912208851,3.659885226,2.197224577,2.939079247,0
0.269390558,41.30568858,34,45,0,36,56,12,-1.311593064,3.721000228,2.48490665,3.526360525,0
0.41659539,23.8210009,17.4453125,0,0,23,35,42,-0.875639816,3.170567582,3.737669618,2.859070988,0
0.227362146,24.57777078,9.53125,30,0,29,36,4,-1.481211176,3.201842408,1.386294361,2.254575874,0
0.102823249,37.98756413,24.12109375,0,0,4,18,47,-2.274743794,3.637258846,3.850147602,3.183086717,0
0.003240431,27.62263425,12.71484375,59,0,32,35,0,-5.732048933,3.318635518,#NAME?,2.54277011,0
0.23535964,35.28672098,13.25,30,0,32,53,0,-1.446640552,3.563506717,#NAME?,2.583997552,0
0.412453267,22.87992203,10.5,0,0,62,42,0,-0.885632372,3.130259759,#NAME?,2.351375257,0
0.196834973,20.06326431,9.59765625,17,0,44,39,0,-1.625389602,2.998890497,#NAME?,2.261518928,0
0.190205649,35.47108866,19.09375,22,0,9,44,8,-1.659649429,3.568717961,2.079441542,2.949361056,0
0.480907855,30.1206971,24.4375,26,0,11,46,0,-0.732079597,3.405212547,#NAME?,3.196118838,0
0.26065447,34.36378179,27.67578125,0,0,26,65,0,-1.344559618,3.537003155,#NAME?,3.320557708,0
0.442048406,29.718593,54.5625,0,0,51,72,0,-0.816335887,3.391772877,#NAME?,3.999346834,0
0.411514909,31.44165404,35.234375,72,0,35,53,2,-0.887910029,3.448133576,0.693147181,3.562022169,0
0.240571785,30.26012212,20.109375,22,0,36,31,2,-1.424736752,3.409830744,0.693147181,3.001186124,0
0.156914113,18.96327498,67.6875,40,0,90,50,7,-1.852056674,2.942504213,1.945910149,4.214901525,0
0.285371931,25.58984393,33.046875,60,0,22,37,10,-1.253961928,3.242195551,2.302585093,3.497927008,0
0.352241103,23.62079445,29.046875,0,0,12,40,4,-1.043439386,3.162127445,1.386294361,3.368910904,0
0.331561176,22.77071906,45.9375,34,0,64,55,1,-1.103942943,3.125475459,0,3.827281777,0
0.414279965,24.61448718,38.5078125,0,0,21,51,11,-0.88121329,3.203335179,2.397895273,3.650861143,0
0.235277443,21.38429598,35.03125,0,0,17,15,23,-1.446989853,3.06265682,3.135494216,3.55624052,0
0.271473044,28.87504376,21.3828125,84,0,4,6,28,-1.30389243,3.362977684,3.33220451,3.062587445,0
0.251592391,23.74754691,33.78125,20,0,69,46,0,-1.379944997,3.167479237,#NAME?,3.519905915,0
0.223854168,27.08534928,53.125,148,0,50,49,19,-1.496760475,3.298992965,2.944438979,3.972647627,0
0.131939704,33.65412044,57.75,0,0,52,48,18,-2.025410249,3.516135499,2.890371758,4.056123349,0
0.3426758,25.40351242,78.421875,0,0,60,57,27,-1.070970468,3.234887449,3.295836866,4.362102906,0
0.364879944,27.13238603,35.921875,0,0,30,43,1,-1.0081869,3.300728071,0,3.581346441,0
0.007491978,25.29494309,20.7421875,63,0,53,45,0,-4.893922431,3.230604498,#NAME?,3.03216967,0
0.226485101,24.16594307,15.5859375,27,0,42,38,0,-1.485076115,3.184944331,#NAME?,2.746369065,0
0.273646694,33.25031663,14.5546875,0,0,48,26,1,-1.295917443,3.50406429,0,2.677913107,0
0.190078935,28.49193139,17.8125,1,0,21,9,39,-1.660315846,3.349620938,3.663561646,2.879900458,0
0.535672553,24.10629597,12.3046875,0,0,33,45,0,-0.624232213,3.18247305,#NAME?,2.509980287,0
0.009637751,42.63168473,16.9921875,40,0,45,50,0,-4.642067496,3.75259775,#NAME?,2.83275368,0
0.013037284,29.28934018,9.609375,36,0,22,38,3,-4.339942026,3.377223633,1.098612289,2.262739184,0
0.017963349,24.32701927,12.65625,0,0,28,44,1,-4.019421764,3.191587637,0,2.538151164,0
0.23327545,28.05149886,28.5546875,0,0,42,41,2,-1.455535335,3.334042066,0.693147181,3.351821108,0
0.272659277,23.02071104,37.79296875,0,0,26,43,0,-1.299532333,3.136394291,#NAME?,3.632123073,0
0.277084464,26.51783634,23.91796875,106,0,20,8,31,-1.283432895,3.277817576,3.433987204,3.174630007,0
0.157336999,32.17158173,33.359375,108,0,29,21,40,-1.849365284,3.471083508,3.688879454,3.507338842,0
0.019720766,23.07934582,21.40625,0,0,41,40,0,-3.926083087,3.138938097,#NAME?,3.063682935,0
0.265013388,28.21470963,22.8515625,23,0,19,8,31,-1.327974934,3.33984346,3.433987204,3.129019496,0
0.292652884,25.1891909,31.75,101,0,24,36,28,-1.228768069,3.22641497,3.33220451,3.457892725,0
0.027201589,35.31134975,19.8203125,0,0,60,40,3,-3.604479888,3.564204435,1.098612289,2.986707296,0
0.14809939,48.20996198,127.875,101,0,32,85,11,-1.909871677,3.87556568,2.397895273,4.851053224,0
0.135291646,35.10321341,255.5,10,0,33,89,135,-2.00032249,3.558292676,4.905274778,5.54322241,0
0.054863255,39.57106162,17.359375,0,0,32,88,13,-2.902911462,3.678098084,2.564949357,2.854132706,0
0.08629588,74.77125606,51.41015625,0,0,41,61,62,-2.449973422,4.314433534,4.127134385,3.939835745,0
0.326419628,36.75581547,139.5390625,0,0,11,8,98,-1.119571523,3.604296457,4.584967479,4.93834458,0
0.247027474,60.26404887,52.20703125,0,0,44,88,11,-1.398255718,4.098735721,2.397895273,3.955217184,0
0.000593129,88.77800335,65.9296875,0,0,48,87,10,-7.430098645,4.486138909,2.302585093,4.188588833,0
0.308130254,48.95009535,116.90625,0,0,39,75,41,-1.177232683,3.890801317,3.713572067,4.761372332,0
0.115421327,54.64423959,58.875,0,0,26,76,20,-2.159166133,4.000843804,2.995732274,4.075416552,0
0.333618633,30.97758827,16.65234375,0,0,37,36,51,-1.097756756,3.433263984,3.931825633,2.812550972,0
0.012232608,65.16077278,23.7890625,0,0,103,58,0,-4.403650106,4.176857643,#NAME?,3.169225916,0
0.068556388,62.39912849,21.19921875,0,0,65,81,0,-2.68009869,4.133551309,#NAME?,3.05396433,0
0.411829609,26.24043491,9.31640625,0,0,51,45,0,-0.887145586,3.267301538,#NAME?,2.231776959,0
0.244629839,45.98819143,17.71875,0,0,70,63,0,-1.408009072,3.828384655,#NAME?,2.874623401,0
0.000461512,85.77358166,9.34375,0,0,90,26,0,-7.681002502,4.451711053,#NAME?,2.234707671,0
0.002904701,65.64255587,20.5859375,0,0,83,62,0,-5.84142482,4.184224203,#NAME?,3.024608197,0
0.212073712,42.53028123,21.95703125,0,0,75,73,0,-1.550821367,3.750216322,#NAME?,3.089087419,0
0.357023454,42.41467114,12.65234375,0,0,77,41,0,-1.029953802,3.74749432,#NAME?,2.537842475,0
0.331371144,25.90829387,8.7890625,0,0,73,30,0,-1.104516251,3.254563144,#NAME?,2.173508051,0
0.005422803,77.09039978,16.171875,0,0,67,60,0,-5.217142439,4.344978756,#NAME?,2.783273622,0
0.009526147,52.77955656,15.50390625,0,0,79,49,0,-4.653714945,3.966123929,#NAME?,2.741092008,0
0.011628347,35.59891733,15.52734375,0,0,73,53,0,-4.454309455,3.572315225,#NAME?,2.742602583,0
0.021573037,40.28239905,11.69140625,0,0,71,41,0,-3.836311031,3.695914625,#NAME?,2.458854063,0
0.003005098,92.66465031,20.8125,0,0,72,72,0,-5.807445099,4.528987066,#NAME?,3.035553768,0
0.434637841,24.5391688,8.68359375,0,0,55,39,0,-0.833242144,3.200270567,#NAME?,2.161435469,0
0.004106553,100.2322301,20.12109375,0,0,99,51,0,-5.495171288,4.607489795,#NAME?,3.001768705,0
0.245285168,19.77161818,6.79296875,0,0,45,37,0,-1.405333794,2.984247484,#NAME?,1.91588807,0
0.002889583,85.38149682,12.28515625,0,0,83,37,0,-5.846643078,4.447129412,#NAME?,2.508391725,0
0.005947268,49.52756353,15.0390625,0,0,53,70,0,-5.124823325,3.902529354,#NAME?,2.710650983,0
0.308572335,58.4374631,63.75,95,0,46,80,0,-1.17579899,4.067957176,#NAME?,4.154969184,0
0.253843891,33.00919503,16.75,0,0,65,64,0,-1.371035803,3.49678616,#NAME?,2.818398258,0
0.456032736,42.09337199,46.265625,66,0,73,82,2,-0.785190683,3.739890293,0.693147181,3.834399245,0
0.049252811,45.20374963,40.5,0,0,94,108,0,-3.010788837,3.81118004,#NAME?,3.701301974,0
0.321659666,44.10096784,99.234375,84,0,9,8,79,-1.13426123,3.786481729,4.369447852,4.597484476,0
0.404770466,34.06762285,17.1953125,0,0,60,71,0,-0.904435123,3.528347457,#NAME?,2.844636818,0
0.006791382,74.43709304,37.6484375,0,0,58,77,2,-4.992100824,4.30995438,0.693147181,3.628291453,0
0.017086496,51.80404138,19.25,0,0,54,88,0,-4.069466835,3.947468165,#NAME?,2.957511061,0
0.265556965,49.53906321,19.921875,0,0,58,85,0,-1.325925904,3.902761514,#NAME?,2.991818374,0
0.183507794,44.770002,47.90625,76,0,68,84,0,-1.695498138,3.801538317,#NAME?,3.869245976,0
0.003553973,61.70105547,21.078125,0,0,69,76,0,-5.639689146,4.122301037,#NAME?,3.048235773,0
0.261534196,55.04965369,95.625,0,0,68,86,4,-1.341190235,4.008235572,1.386294361,4.560434292,0
0.003152189,83.6349341,62.2265625,0,0,43,124,11,-5.759658147,4.426461305,2.397895273,4.130781958,0
0.464430581,44.29727813,20.15625,0,0,58,86,0,-0.766943181,3.790923233,#NAME?,3.003514414,0
0.275612035,32.38944296,21,0,0,62,84,0,-1.288761072,3.477832535,#NAME?,3.044522438,0
0.003532553,47.9260644,16.53515625,0,0,49,83,0,-5.64573444,3.869659498,#NAME?,2.805488796,0
0.187181936,66.54010464,114.3125,0,0,83,105,19,-1.675674215,4.197804843,2.944438979,4.738935926,0
0.009534309,62.44681062,28.5546875,11,0,9,33,53,-4.652858512,4.134315164,3.970291914,3.351821108,0
0.373572244,50.51284857,85.1875,0,0,14,93,23,-0.984643869,3.922227731,3.135494216,4.444854709,0
0.000603777,51.68526235,18.5625,0,0,52,88,0,-7.412305634,3.94517268,#NAME?,2.921143417,0
0.006091997,101.3122733,24.25,0,0,62,97,0,-5.100779336,4.618207562,#NAME?,3.188416617,0
0.005866519,38.76991822,10.1953125,0,0,43,58,0,-5.138493836,3.657644642,#NAME?,2.321928056,0
0.001194677,89.28896311,22.1484375,0,0,43,126,0,-6.729879423,4.491877887,#NAME?,3.097766952,0
0.002309147,50.76904415,24.12890625,0,0,85,71,0,-6.070877087,3.927286802,#NAME?,3.183410551,0
0.004624098,96.95573786,20.51171875,0,0,57,89,0,-5.376473954,4.574254564,#NAME?,3.020996369,0
0.006016196,55.92636298,25.49609375,0,0,59,107,0,-5.113300113,4.024035879,#NAME?,3.238525254,0
0.285089463,80.71868019,66.015625,0,0,75,118,12,-1.254952243,4.390970025,2.48490665,4.189891456,0
0.150039007,35.22823796,22.5,0,0,62,90,0,-1.896859972,3.561847976,#NAME?,3.113515309,0
0.435779696,45.26730658,28.7109375,0,0,73,98,0,-0.830618448,3.812585063,#NAME?,3.357278148,0
0.434397725,71.01211439,70.78125,96,0,53,102,18,-0.833794747,4.262850488,2.890371758,4.259594135,0
0.000299354,45.0222061,15.859375,0,0,56,70,0,-8.113883738,3.807155837,#NAME?,2.763760808,0
0.313816707,60.36172246,95.703125,0,0,53,59,81,-1.158946199,4.10035517,4.394449155,4.561250952,0
0.004026869,85.62212938,43.84375,0,0,90,122,0,-5.514766128,4.449943771,#NAME?,3.780632177,0
0.003524225,80.54241452,70.09765625,0,0,97,86,11,-5.648094725,4.388783934,2.397895273,4.249889359,0
0.143013532,47.89020573,72.31640625,66,0,48,87,12,-1.944816024,3.86891101,2.48490665,4.281051023,0
0.048854794,53.52406549,25.23828125,0,0,89,71,0,-3.018902768,3.980131375,#NAME?,3.228361939,0
0.001642608,70.64122615,27.0703125,0,0,68,99,0,-6.411470056,4.257613914,#NAME?,3.298437648,0
0.12269933,56.13312867,40.67578125,0,0,87,117,0,-2.098018388,4.027726167,#NAME?,3.70563286,0
